﻿Weather_id,city_name,weather_type,Temperature,Date_Time
W2,Bronx,scattered clouds,257-290,1/3/2023 0:00
W1,Bronx,few clouds,257-290,1/3/2023 1:00
W2,Bronx,scattered clouds,257-290,1/3/2023 2:00
W2,Bronx,scattered clouds,257-290,1/3/2023 3:00
W2,Bronx,scattered clouds,257-290,1/3/2023 4:00
W2,Bronx,scattered clouds,257-290,1/3/2023 5:00
W3,Bronx,broken clouds,257-290,1/3/2023 6:00
W4,Bronx,overcast clouds,257-290,1/3/2023 7:00
W4,Bronx,overcast clouds,257-290,1/3/2023 8:00
W4,Bronx,overcast clouds,257-290,1/3/2023 9:00
W3,Bronx,broken clouds,257-290,1/3/2023 10:00
W3,Bronx,broken clouds,257-290,1/3/2023 11:00
W3,Bronx,broken clouds,257-290,1/3/2023 12:00
W4,Bronx,overcast clouds,257-290,1/3/2023 13:00
W4,Bronx,overcast clouds,257-290,1/3/2023 14:00
W4,Bronx,overcast clouds,257-290,1/3/2023 15:00
W4,Bronx,overcast clouds,257-290,1/3/2023 16:00
W4,Bronx,overcast clouds,257-290,1/3/2023 17:00
W4,Bronx,overcast clouds,257-290,1/3/2023 18:00
W4,Bronx,overcast clouds,257-290,1/3/2023 19:00
W3,Bronx,broken clouds,257-290,1/3/2023 20:00
W3,Bronx,broken clouds,257-290,1/3/2023 21:00
W3,Bronx,broken clouds,257-290,1/3/2023 22:00
W3,Bronx,broken clouds,257-290,1/3/2023 23:00
W4,Bronx,overcast clouds,257-290,2/3/2023 0:00
W11,Bronx,light rain,257-290,2/3/2023 1:00
W11,Bronx,light rain,257-290,2/3/2023 2:00
W11,Bronx,light rain,257-290,2/3/2023 3:00
W4,Bronx,overcast clouds,257-290,2/3/2023 4:00
W4,Bronx,overcast clouds,257-290,2/3/2023 5:00
W4,Bronx,overcast clouds,257-290,2/3/2023 6:00
W2,Bronx,scattered clouds,257-290,2/3/2023 7:00
W2,Bronx,scattered clouds,257-290,2/3/2023 8:00
W1,Bronx,few clouds,257-290,2/3/2023 9:00
W3,Bronx,broken clouds,257-290,2/3/2023 10:00
W1,Bronx,few clouds,257-290,2/3/2023 11:00
W2,Bronx,scattered clouds,257-290,2/3/2023 12:00
W2,Bronx,scattered clouds,257-290,2/3/2023 13:00
W2,Bronx,scattered clouds,257-290,2/3/2023 14:00
W2,Bronx,scattered clouds,257-290,2/3/2023 15:00
W2,Bronx,scattered clouds,257-290,2/3/2023 16:00
W2,Bronx,scattered clouds,257-290,2/3/2023 17:00
W1,Bronx,few clouds,257-290,2/3/2023 18:00
W1,Bronx,few clouds,257-290,2/3/2023 19:00
W1,Bronx,few clouds,257-290,2/3/2023 20:00
W9,Bronx,few clouds,291-311,2/3/2023 21:00
W7,Bronx,scattered clouds,291-311,2/3/2023 22:00
W2,Bronx,scattered clouds,257-290,2/3/2023 23:00
W2,Bronx,scattered clouds,257-290,3/3/2023 0:00
W2,Bronx,scattered clouds,257-290,3/3/2023 1:00
W3,Bronx,broken clouds,257-290,3/3/2023 2:00
W3,Bronx,broken clouds,257-290,3/3/2023 3:00
W2,Bronx,scattered clouds,257-290,3/3/2023 4:00
W4,Bronx,overcast clouds,257-290,3/3/2023 5:00
W4,Bronx,overcast clouds,257-290,3/3/2023 6:00
W11,Bronx,light rain,257-290,3/3/2023 7:00
W11,Bronx,light rain,257-290,3/3/2023 8:00
W11,Bronx,light rain,257-290,3/3/2023 9:00
W11,Bronx,light rain,257-290,3/3/2023 10:00
W11,Bronx,light rain,257-290,3/3/2023 11:00
W11,Bronx,light rain,257-290,3/3/2023 12:00
W2,Bronx,scattered clouds,257-290,3/3/2023 13:00
W2,Bronx,scattered clouds,257-290,3/3/2023 14:00
W2,Bronx,scattered clouds,257-290,3/3/2023 15:00
W2,Bronx,scattered clouds,257-290,3/3/2023 16:00
W2,Bronx,scattered clouds,257-290,3/3/2023 17:00
W2,Bronx,scattered clouds,257-290,3/3/2023 18:00
W3,Bronx,broken clouds,257-290,3/3/2023 19:00
W2,Bronx,scattered clouds,257-290,3/3/2023 20:00
W1,Bronx,few clouds,257-290,3/3/2023 21:00
W1,Bronx,few clouds,257-290,3/3/2023 22:00
W1,Bronx,few clouds,257-290,3/3/2023 23:00
W1,Bronx,few clouds,257-290,4/3/2023 0:00
W1,Bronx,few clouds,257-290,4/3/2023 1:00
W1,Bronx,few clouds,257-290,4/3/2023 2:00
W1,Bronx,few clouds,257-290,4/3/2023 3:00
W1,Bronx,few clouds,257-290,4/3/2023 4:00
W1,Bronx,few clouds,257-290,4/3/2023 5:00
W1,Bronx,few clouds,257-290,4/3/2023 6:00
W1,Bronx,few clouds,257-290,4/3/2023 7:00
W1,Bronx,few clouds,257-290,4/3/2023 8:00
W1,Bronx,few clouds,257-290,4/3/2023 9:00
W1,Bronx,few clouds,257-290,4/3/2023 10:00
W5,Bronx,sky is clear,257-290,4/3/2023 11:00
W5,Bronx,sky is clear,257-290,4/3/2023 12:00
W5,Bronx,sky is clear,257-290,4/3/2023 13:00
W5,Bronx,sky is clear,257-290,4/3/2023 14:00
W2,Bronx,scattered clouds,257-290,4/3/2023 15:00
W2,Bronx,scattered clouds,257-290,4/3/2023 16:00
W2,Bronx,scattered clouds,257-290,4/3/2023 17:00
W2,Bronx,scattered clouds,257-290,4/3/2023 18:00
W2,Bronx,scattered clouds,257-290,4/3/2023 19:00
W2,Bronx,scattered clouds,257-290,4/3/2023 20:00
W2,Bronx,scattered clouds,257-290,4/3/2023 21:00
W2,Bronx,scattered clouds,257-290,4/3/2023 22:00
W2,Bronx,scattered clouds,257-290,4/3/2023 23:00
W1,Bronx,few clouds,257-290,5/3/2023 0:00
W1,Bronx,few clouds,257-290,5/3/2023 1:00
W1,Bronx,few clouds,257-290,5/3/2023 2:00
W1,Bronx,few clouds,257-290,5/3/2023 3:00
W1,Bronx,few clouds,257-290,5/3/2023 4:00
W2,Bronx,scattered clouds,257-290,5/3/2023 5:00
W2,Bronx,scattered clouds,257-290,5/3/2023 6:00
W2,Bronx,scattered clouds,257-290,5/3/2023 7:00
W2,Bronx,scattered clouds,257-290,5/3/2023 8:00
W2,Bronx,scattered clouds,257-290,5/3/2023 9:00
W3,Bronx,broken clouds,257-290,5/3/2023 10:00
W3,Bronx,broken clouds,257-290,5/3/2023 11:00
W3,Bronx,broken clouds,257-290,5/3/2023 12:00
W3,Bronx,broken clouds,257-290,5/3/2023 13:00
W3,Bronx,broken clouds,257-290,5/3/2023 14:00
W3,Bronx,broken clouds,257-290,5/3/2023 15:00
W3,Bronx,broken clouds,257-290,5/3/2023 16:00
W4,Bronx,overcast clouds,257-290,5/3/2023 17:00
W4,Bronx,overcast clouds,257-290,5/3/2023 18:00
W3,Bronx,broken clouds,257-290,5/3/2023 19:00
W3,Bronx,broken clouds,257-290,5/3/2023 20:00
W3,Bronx,broken clouds,257-290,5/3/2023 21:00
W3,Bronx,broken clouds,257-290,5/3/2023 22:00
W3,Bronx,broken clouds,257-290,5/3/2023 23:00
W3,Bronx,broken clouds,257-290,6/3/2023 0:00
W3,Bronx,broken clouds,257-290,6/3/2023 1:00
W3,Bronx,broken clouds,257-290,6/3/2023 2:00
W4,Bronx,overcast clouds,257-290,6/3/2023 3:00
W4,Bronx,overcast clouds,257-290,6/3/2023 4:00
W4,Bronx,overcast clouds,257-290,6/3/2023 5:00
W4,Bronx,overcast clouds,257-290,6/3/2023 6:00
W4,Bronx,overcast clouds,257-290,6/3/2023 7:00
W4,Bronx,overcast clouds,257-290,6/3/2023 8:00
W4,Bronx,overcast clouds,257-290,6/3/2023 9:00
W4,Bronx,overcast clouds,257-290,6/3/2023 10:00
W4,Bronx,overcast clouds,257-290,6/3/2023 11:00
W4,Bronx,overcast clouds,257-290,6/3/2023 12:00
W6,Bronx,haze,257-290,6/3/2023 13:00
W6,Bronx,haze,257-290,6/3/2023 14:00
W20,Bronx,light rain,291-311,6/3/2023 15:00
W22,Bronx,moderate rain,291-311,6/3/2023 16:00
W27,Bronx,mist,291-311,6/3/2023 17:00
W20,Bronx,light rain,291-311,6/3/2023 17:00
W20,Bronx,light rain,291-311,6/3/2023 18:00
W27,Bronx,mist,291-311,6/3/2023 18:00
W27,Bronx,mist,291-311,6/3/2023 19:00
W8,Bronx,broken clouds,291-311,6/3/2023 20:00
W8,Bronx,broken clouds,291-311,6/3/2023 21:00
W8,Bronx,broken clouds,291-311,6/3/2023 22:00
W7,Bronx,scattered clouds,291-311,6/3/2023 23:00
W8,Bronx,broken clouds,291-311,7/3/2023 0:00
W8,Bronx,broken clouds,291-311,7/3/2023 1:00
W8,Bronx,broken clouds,291-311,7/3/2023 2:00
W8,Bronx,broken clouds,291-311,7/3/2023 3:00
W8,Bronx,broken clouds,291-311,7/3/2023 4:00
W19,Bronx,overcast clouds,291-311,7/3/2023 5:00
W19,Bronx,overcast clouds,291-311,7/3/2023 6:00
W19,Bronx,overcast clouds,291-311,7/3/2023 7:00
W19,Bronx,overcast clouds,291-311,7/3/2023 8:00
W19,Bronx,overcast clouds,291-311,7/3/2023 9:00
W19,Bronx,overcast clouds,291-311,7/3/2023 10:00
W19,Bronx,overcast clouds,291-311,7/3/2023 11:00
W26,Bronx,sky is clear,291-311,7/3/2023 12:00
W8,Bronx,broken clouds,291-311,7/3/2023 13:00
W8,Bronx,broken clouds,291-311,7/3/2023 14:00
W8,Bronx,broken clouds,291-311,7/3/2023 15:00
W8,Bronx,broken clouds,291-311,7/3/2023 16:00
W19,Bronx,overcast clouds,291-311,7/3/2023 17:00
W19,Bronx,overcast clouds,291-311,7/3/2023 18:00
W19,Bronx,overcast clouds,291-311,7/3/2023 19:00
W8,Bronx,broken clouds,291-311,7/3/2023 20:00
W8,Bronx,broken clouds,291-311,7/3/2023 21:00
W22,Bronx,moderate rain,291-311,7/3/2023 22:00
W20,Bronx,light rain,291-311,7/3/2023 23:00
W20,Bronx,light rain,291-311,8/3/2023 0:00
W20,Bronx,light rain,291-311,8/3/2023 1:00
W20,Bronx,light rain,291-311,8/3/2023 2:00
W20,Bronx,light rain,291-311,8/3/2023 3:00
W19,Bronx,overcast clouds,291-311,8/3/2023 4:00
W8,Bronx,broken clouds,291-311,8/3/2023 5:00
W3,Bronx,broken clouds,257-290,8/3/2023 6:00
W3,Bronx,broken clouds,257-290,8/3/2023 7:00
W3,Bronx,broken clouds,257-290,8/3/2023 8:00
W3,Bronx,broken clouds,257-290,8/3/2023 9:00
W3,Bronx,broken clouds,257-290,8/3/2023 10:00
W3,Bronx,broken clouds,257-290,8/3/2023 11:00
W3,Bronx,broken clouds,257-290,8/3/2023 12:00
W3,Bronx,broken clouds,257-290,8/3/2023 13:00
W3,Bronx,broken clouds,257-290,8/3/2023 14:00
W3,Bronx,broken clouds,257-290,8/3/2023 15:00
W3,Bronx,broken clouds,257-290,8/3/2023 16:00
W3,Bronx,broken clouds,257-290,8/3/2023 17:00
W3,Bronx,broken clouds,257-290,8/3/2023 18:00
W3,Bronx,broken clouds,257-290,8/3/2023 19:00
W3,Bronx,broken clouds,257-290,8/3/2023 20:00
W3,Bronx,broken clouds,257-290,8/3/2023 21:00
W3,Bronx,broken clouds,257-290,8/3/2023 22:00
W3,Bronx,broken clouds,257-290,8/3/2023 23:00
W3,Bronx,broken clouds,257-290,9/3/2023 0:00
W3,Bronx,broken clouds,257-290,9/3/2023 1:00
W3,Bronx,broken clouds,257-290,9/3/2023 2:00
W3,Bronx,broken clouds,257-290,9/3/2023 3:00
W4,Bronx,overcast clouds,257-290,9/3/2023 4:00
W5,Bronx,sky is clear,257-290,9/3/2023 5:00
W4,Bronx,overcast clouds,257-290,9/3/2023 6:00
W4,Bronx,overcast clouds,257-290,9/3/2023 7:00
W4,Bronx,overcast clouds,257-290,9/3/2023 8:00
W4,Bronx,overcast clouds,257-290,9/3/2023 9:00
W4,Bronx,overcast clouds,257-290,9/3/2023 10:00
W11,Bronx,light rain,257-290,9/3/2023 11:00
W11,Bronx,light rain,257-290,9/3/2023 12:00
W10,Bronx,mist,257-290,9/3/2023 12:00
W11,Bronx,light rain,257-290,9/3/2023 13:00
W11,Bronx,light rain,257-290,9/3/2023 14:00
W12,Bronx,moderate rain,257-290,9/3/2023 15:00
W10,Bronx,mist,257-290,9/3/2023 15:00
W14,Bronx,fog,257-290,9/3/2023 16:00
W11,Bronx,light rain,257-290,9/3/2023 16:00
W17,Bronx,snow,257-290,9/3/2023 16:00
W10,Bronx,mist,257-290,9/3/2023 17:00
W12,Bronx,moderate rain,257-290,9/3/2023 17:00
W11,Bronx,light rain,257-290,9/3/2023 18:00
W10,Bronx,mist,257-290,9/3/2023 18:00
W12,Bronx,moderate rain,257-290,9/3/2023 19:00
W10,Bronx,mist,257-290,9/3/2023 19:00
W10,Bronx,mist,257-290,9/3/2023 20:00
W11,Bronx,light rain,257-290,9/3/2023 20:00
W10,Bronx,mist,257-290,9/3/2023 21:00
W11,Bronx,light rain,257-290,9/3/2023 21:00
W10,Bronx,mist,257-290,9/3/2023 22:00
W11,Bronx,light rain,257-290,9/3/2023 22:00
W10,Bronx,mist,257-290,9/3/2023 23:00
W11,Bronx,light rain,257-290,9/3/2023 23:00
W10,Bronx,mist,257-290,10/3/2023 0:00
W11,Bronx,light rain,257-290,10/3/2023 0:00
W10,Bronx,mist,257-290,10/3/2023 1:00
W11,Bronx,light rain,257-290,10/3/2023 1:00
W11,Bronx,light rain,257-290,10/3/2023 2:00
W11,Bronx,light rain,257-290,10/3/2023 3:00
W11,Bronx,light rain,257-290,10/3/2023 4:00
W4,Bronx,overcast clouds,257-290,10/3/2023 5:00
W2,Bronx,scattered clouds,257-290,10/3/2023 6:00
W14,Bronx,fog,257-290,10/3/2023 7:00
W2,Bronx,scattered clouds,257-290,10/3/2023 8:00
W2,Bronx,scattered clouds,257-290,10/3/2023 9:00
W10,Bronx,mist,257-290,10/3/2023 10:00
W10,Bronx,mist,257-290,10/3/2023 11:00
W10,Bronx,mist,257-290,10/3/2023 12:00
W10,Bronx,mist,257-290,10/3/2023 13:00
W10,Bronx,mist,257-290,10/3/2023 14:00
W16,Bronx,light snow,257-290,10/3/2023 14:00
W6,Bronx,haze,257-290,10/3/2023 15:00
W11,Bronx,light rain,257-290,10/3/2023 15:00
W6,Bronx,haze,257-290,10/3/2023 16:00
W11,Bronx,light rain,257-290,10/3/2023 16:00
W11,Bronx,light rain,257-290,10/3/2023 17:00
W3,Bronx,broken clouds,257-290,10/3/2023 18:00
W3,Bronx,broken clouds,257-290,10/3/2023 19:00
W3,Bronx,broken clouds,257-290,10/3/2023 20:00
W3,Bronx,broken clouds,257-290,10/3/2023 21:00
W3,Bronx,broken clouds,257-290,10/3/2023 22:00
W3,Bronx,broken clouds,257-290,10/3/2023 23:00
W3,Bronx,broken clouds,257-290,11/3/2023 0:00
W3,Bronx,broken clouds,257-290,11/3/2023 1:00
W3,Bronx,broken clouds,257-290,11/3/2023 2:00
W3,Bronx,broken clouds,257-290,11/3/2023 3:00
W3,Bronx,broken clouds,257-290,11/3/2023 4:00
W3,Bronx,broken clouds,257-290,11/3/2023 5:00
W1,Bronx,few clouds,257-290,11/3/2023 6:00
W1,Bronx,few clouds,257-290,11/3/2023 7:00
W2,Bronx,scattered clouds,257-290,11/3/2023 8:00
W2,Bronx,scattered clouds,257-290,11/3/2023 9:00
W2,Bronx,scattered clouds,257-290,11/3/2023 10:00
W1,Bronx,few clouds,257-290,11/3/2023 11:00
W1,Bronx,few clouds,257-290,11/3/2023 12:00
W2,Bronx,scattered clouds,257-290,11/3/2023 13:00
W2,Bronx,scattered clouds,257-290,11/3/2023 14:00
W2,Bronx,scattered clouds,257-290,11/3/2023 15:00
W2,Bronx,scattered clouds,257-290,11/3/2023 16:00
W7,Bronx,scattered clouds,291-311,11/3/2023 17:00
W7,Bronx,scattered clouds,291-311,11/3/2023 18:00
W7,Bronx,scattered clouds,291-311,11/3/2023 19:00
W7,Bronx,scattered clouds,291-311,11/3/2023 20:00
W7,Bronx,scattered clouds,291-311,11/3/2023 21:00
W2,Bronx,scattered clouds,257-290,11/3/2023 22:00
W2,Bronx,scattered clouds,257-290,11/3/2023 23:00
W2,Bronx,scattered clouds,257-290,12/3/2023 0:00
W3,Bronx,broken clouds,257-290,12/3/2023 1:00
W3,Bronx,broken clouds,257-290,12/3/2023 2:00
W4,Bronx,overcast clouds,257-290,12/3/2023 3:00
W4,Bronx,overcast clouds,257-290,12/3/2023 4:00
W4,Bronx,overcast clouds,257-290,12/3/2023 5:00
W4,Bronx,overcast clouds,257-290,12/3/2023 6:00
W4,Bronx,overcast clouds,257-290,12/3/2023 7:00
W10,Bronx,mist,257-290,12/3/2023 8:00
W10,Bronx,mist,257-290,12/3/2023 9:00
W11,Bronx,light rain,257-290,12/3/2023 10:00
W11,Bronx,light rain,257-290,12/3/2023 11:00
W10,Bronx,mist,257-290,12/3/2023 11:00
W11,Bronx,light rain,257-290,12/3/2023 12:00
W10,Bronx,mist,257-290,12/3/2023 12:00
W11,Bronx,light rain,257-290,12/3/2023 13:00
W14,Bronx,fog,257-290,12/3/2023 13:00
W12,Bronx,moderate rain,257-290,12/3/2023 14:00
W10,Bronx,mist,257-290,12/3/2023 14:00
W15,Bronx,heavy intensity rain,257-290,12/3/2023 15:00
W10,Bronx,mist,257-290,12/3/2023 15:00
W38,Bronx,light rain and snow,257-290,12/3/2023 16:00
W10,Bronx,mist,257-290,12/3/2023 16:00
W12,Bronx,moderate rain,257-290,12/3/2023 16:00
W11,Bronx,light rain,257-290,12/3/2023 17:00
W38,Bronx,light rain and snow,257-290,12/3/2023 17:00
W10,Bronx,mist,257-290,12/3/2023 17:00
W16,Bronx,light snow,257-290,12/3/2023 18:00
W11,Bronx,light rain,257-290,12/3/2023 18:00
W17,Bronx,snow,257-290,12/3/2023 19:00
W10,Bronx,mist,257-290,12/3/2023 19:00
W16,Bronx,light snow,257-290,12/3/2023 20:00
W16,Bronx,light snow,257-290,12/3/2023 21:00
W16,Bronx,light snow,257-290,12/3/2023 22:00
W16,Bronx,light snow,257-290,12/3/2023 23:00
W3,Bronx,broken clouds,257-290,13-03-2023 00:00
W3,Bronx,broken clouds,257-290,13-03-2023 01:00
W2,Bronx,scattered clouds,257-290,13-03-2023 02:00
W16,Bronx,light snow,257-290,13-03-2023 03:00
W16,Bronx,light snow,257-290,13-03-2023 04:00
W16,Bronx,light snow,257-290,13-03-2023 05:00
W16,Bronx,light snow,257-290,13-03-2023 06:00
W5,Brooklyn,sky is clear,257-290,1/3/2023 0:00
W5,Brooklyn,sky is clear,257-290,1/3/2023 1:00
W5,Brooklyn,sky is clear,257-290,1/3/2023 2:00
W5,Brooklyn,sky is clear,257-290,1/3/2023 3:00
W5,Brooklyn,sky is clear,257-290,1/3/2023 4:00
W1,Brooklyn,few clouds,257-290,1/3/2023 5:00
W1,Brooklyn,few clouds,257-290,1/3/2023 6:00
W3,Brooklyn,broken clouds,257-290,1/3/2023 7:00
W1,Brooklyn,few clouds,257-290,1/3/2023 8:00
W5,Brooklyn,sky is clear,257-290,1/3/2023 9:00
W4,Brooklyn,overcast clouds,257-290,1/3/2023 10:00
W2,Brooklyn,scattered clouds,257-290,1/3/2023 11:00
W4,Brooklyn,overcast clouds,257-290,1/3/2023 12:00
W4,Brooklyn,overcast clouds,257-290,1/3/2023 13:00
W4,Brooklyn,overcast clouds,257-290,1/3/2023 14:00
W4,Brooklyn,overcast clouds,257-290,1/3/2023 15:00
W4,Brooklyn,overcast clouds,257-290,1/3/2023 16:00
W3,Brooklyn,broken clouds,257-290,1/3/2023 17:00
W4,Brooklyn,overcast clouds,257-290,1/3/2023 18:00
W4,Brooklyn,overcast clouds,257-290,1/3/2023 19:00
W4,Brooklyn,overcast clouds,257-290,1/3/2023 20:00
W1,Brooklyn,few clouds,257-290,1/3/2023 21:00
W5,Brooklyn,sky is clear,257-290,1/3/2023 22:00
W2,Brooklyn,scattered clouds,257-290,1/3/2023 23:00
W4,Brooklyn,overcast clouds,257-290,2/3/2023 0:00
W11,Brooklyn,light rain,257-290,2/3/2023 1:00
W4,Brooklyn,overcast clouds,257-290,2/3/2023 2:00
W4,Brooklyn,overcast clouds,257-290,2/3/2023 3:00
W4,Brooklyn,overcast clouds,257-290,2/3/2023 4:00
W4,Brooklyn,overcast clouds,257-290,2/3/2023 5:00
W4,Brooklyn,overcast clouds,257-290,2/3/2023 6:00
W4,Brooklyn,overcast clouds,257-290,2/3/2023 7:00
W5,Brooklyn,sky is clear,257-290,2/3/2023 8:00
W5,Brooklyn,sky is clear,257-290,2/3/2023 9:00
W3,Brooklyn,broken clouds,257-290,2/3/2023 10:00
W3,Brooklyn,broken clouds,257-290,2/3/2023 11:00
W1,Brooklyn,few clouds,257-290,2/3/2023 12:00
W5,Brooklyn,sky is clear,257-290,2/3/2023 13:00
W2,Brooklyn,scattered clouds,257-290,2/3/2023 14:00
W5,Brooklyn,sky is clear,257-290,2/3/2023 15:00
W1,Brooklyn,few clouds,257-290,2/3/2023 16:00
W5,Brooklyn,sky is clear,257-290,2/3/2023 17:00
W5,Brooklyn,sky is clear,257-290,2/3/2023 18:00
W26,Brooklyn,sky is clear,291-311,2/3/2023 19:00
W26,Brooklyn,sky is clear,291-311,2/3/2023 20:00
W26,Brooklyn,sky is clear,291-311,2/3/2023 21:00
W26,Brooklyn,sky is clear,291-311,2/3/2023 22:00
W5,Brooklyn,sky is clear,257-290,2/3/2023 23:00
W5,Brooklyn,sky is clear,257-290,3/3/2023 0:00
W5,Brooklyn,sky is clear,257-290,3/3/2023 1:00
W5,Brooklyn,sky is clear,257-290,3/3/2023 2:00
W3,Brooklyn,broken clouds,257-290,3/3/2023 3:00
W5,Brooklyn,sky is clear,257-290,3/3/2023 4:00
W4,Brooklyn,overcast clouds,257-290,3/3/2023 5:00
W3,Brooklyn,broken clouds,257-290,3/3/2023 6:00
W11,Brooklyn,light rain,257-290,3/3/2023 7:00
W11,Brooklyn,light rain,257-290,3/3/2023 8:00
W12,Brooklyn,moderate rain,257-290,3/3/2023 9:00
W11,Brooklyn,light rain,257-290,3/3/2023 10:00
W11,Brooklyn,light rain,257-290,3/3/2023 11:00
W1,Brooklyn,few clouds,257-290,3/3/2023 12:00
W11,Brooklyn,light rain,257-290,3/3/2023 13:00
W5,Brooklyn,sky is clear,257-290,3/3/2023 14:00
W11,Brooklyn,light rain,257-290,3/3/2023 15:00
W5,Brooklyn,sky is clear,257-290,3/3/2023 16:00
W5,Brooklyn,sky is clear,257-290,3/3/2023 17:00
W5,Brooklyn,sky is clear,257-290,3/3/2023 18:00
W5,Brooklyn,sky is clear,257-290,3/3/2023 19:00
W5,Brooklyn,sky is clear,257-290,3/3/2023 20:00
W5,Brooklyn,sky is clear,257-290,3/3/2023 21:00
W5,Brooklyn,sky is clear,257-290,3/3/2023 22:00
W5,Brooklyn,sky is clear,257-290,3/3/2023 23:00
W5,Brooklyn,sky is clear,257-290,4/3/2023 0:00
W5,Brooklyn,sky is clear,257-290,4/3/2023 1:00
W5,Brooklyn,sky is clear,257-290,4/3/2023 2:00
W5,Brooklyn,sky is clear,257-290,4/3/2023 3:00
W5,Brooklyn,sky is clear,257-290,4/3/2023 4:00
W5,Brooklyn,sky is clear,257-290,4/3/2023 5:00
W5,Brooklyn,sky is clear,257-290,4/3/2023 6:00
W5,Brooklyn,sky is clear,257-290,4/3/2023 7:00
W5,Brooklyn,sky is clear,257-290,4/3/2023 8:00
W5,Brooklyn,sky is clear,257-290,4/3/2023 9:00
W5,Brooklyn,sky is clear,257-290,4/3/2023 10:00
W5,Brooklyn,sky is clear,257-290,4/3/2023 11:00
W5,Brooklyn,sky is clear,257-290,4/3/2023 12:00
W5,Brooklyn,sky is clear,257-290,4/3/2023 13:00
W5,Brooklyn,sky is clear,257-290,4/3/2023 14:00
W5,Brooklyn,sky is clear,257-290,4/3/2023 15:00
W16,Brooklyn,light snow,257-290,4/3/2023 16:00
W5,Brooklyn,sky is clear,257-290,4/3/2023 17:00
W5,Brooklyn,sky is clear,257-290,4/3/2023 18:00
W5,Brooklyn,sky is clear,257-290,4/3/2023 19:00
W5,Brooklyn,sky is clear,257-290,4/3/2023 20:00
W5,Brooklyn,sky is clear,257-290,4/3/2023 21:00
W5,Brooklyn,sky is clear,257-290,4/3/2023 22:00
W5,Brooklyn,sky is clear,257-290,4/3/2023 23:00
W5,Brooklyn,sky is clear,257-290,5/3/2023 0:00
W5,Brooklyn,sky is clear,257-290,5/3/2023 1:00
W5,Brooklyn,sky is clear,257-290,5/3/2023 2:00
W5,Brooklyn,sky is clear,257-290,5/3/2023 3:00
W5,Brooklyn,sky is clear,257-290,5/3/2023 4:00
W5,Brooklyn,sky is clear,257-290,5/3/2023 5:00
W5,Brooklyn,sky is clear,257-290,5/3/2023 6:00
W5,Brooklyn,sky is clear,257-290,5/3/2023 7:00
W5,Brooklyn,sky is clear,257-290,5/3/2023 8:00
W5,Brooklyn,sky is clear,257-290,5/3/2023 9:00
W5,Brooklyn,sky is clear,257-290,5/3/2023 10:00
W5,Brooklyn,sky is clear,257-290,5/3/2023 11:00
W5,Brooklyn,sky is clear,257-290,5/3/2023 12:00
W5,Brooklyn,sky is clear,257-290,5/3/2023 13:00
W5,Brooklyn,sky is clear,257-290,5/3/2023 14:00
W5,Brooklyn,sky is clear,257-290,5/3/2023 15:00
W5,Brooklyn,sky is clear,257-290,5/3/2023 16:00
W5,Brooklyn,sky is clear,257-290,5/3/2023 17:00
W5,Brooklyn,sky is clear,257-290,5/3/2023 18:00
W5,Brooklyn,sky is clear,257-290,5/3/2023 19:00
W2,Brooklyn,scattered clouds,257-290,5/3/2023 20:00
W5,Brooklyn,sky is clear,257-290,5/3/2023 21:00
W5,Brooklyn,sky is clear,257-290,5/3/2023 22:00
W5,Brooklyn,sky is clear,257-290,5/3/2023 23:00
W5,Brooklyn,sky is clear,257-290,6/3/2023 0:00
W5,Brooklyn,sky is clear,257-290,6/3/2023 1:00
W4,Brooklyn,overcast clouds,257-290,6/3/2023 2:00
W4,Brooklyn,overcast clouds,257-290,6/3/2023 3:00
W4,Brooklyn,overcast clouds,257-290,6/3/2023 4:00
W4,Brooklyn,overcast clouds,257-290,6/3/2023 5:00
W4,Brooklyn,overcast clouds,257-290,6/3/2023 6:00
W4,Brooklyn,overcast clouds,257-290,6/3/2023 7:00
W3,Brooklyn,broken clouds,257-290,6/3/2023 8:00
W4,Brooklyn,overcast clouds,257-290,6/3/2023 9:00
W10,Brooklyn,mist,257-290,6/3/2023 10:00
W10,Brooklyn,mist,257-290,6/3/2023 11:00
W10,Brooklyn,mist,257-290,6/3/2023 12:00
W6,Brooklyn,haze,257-290,6/3/2023 13:00
W6,Brooklyn,haze,257-290,6/3/2023 14:00
W20,Brooklyn,light rain,291-311,6/3/2023 15:00
W20,Brooklyn,light rain,291-311,6/3/2023 16:00
W20,Brooklyn,light rain,291-311,6/3/2023 17:00
W27,Brooklyn,mist,291-311,6/3/2023 17:00
W20,Brooklyn,light rain,291-311,6/3/2023 18:00
W20,Brooklyn,light rain,291-311,6/3/2023 19:00
W7,Brooklyn,scattered clouds,291-311,6/3/2023 20:00
W7,Brooklyn,scattered clouds,291-311,6/3/2023 21:00
W26,Brooklyn,sky is clear,291-311,6/3/2023 22:00
W26,Brooklyn,sky is clear,291-311,6/3/2023 23:00
W26,Brooklyn,sky is clear,291-311,7/3/2023 0:00
W26,Brooklyn,sky is clear,291-311,7/3/2023 1:00
W26,Brooklyn,sky is clear,291-311,7/3/2023 2:00
W26,Brooklyn,sky is clear,291-311,7/3/2023 3:00
W26,Brooklyn,sky is clear,291-311,7/3/2023 4:00
W26,Brooklyn,sky is clear,291-311,7/3/2023 5:00
W26,Brooklyn,sky is clear,291-311,7/3/2023 6:00
W26,Brooklyn,sky is clear,291-311,7/3/2023 7:00
W26,Brooklyn,sky is clear,291-311,7/3/2023 8:00
W26,Brooklyn,sky is clear,291-311,7/3/2023 9:00
W26,Brooklyn,sky is clear,291-311,7/3/2023 10:00
W26,Brooklyn,sky is clear,291-311,7/3/2023 11:00
W8,Brooklyn,broken clouds,291-311,7/3/2023 12:00
W8,Brooklyn,broken clouds,291-311,7/3/2023 13:00
W26,Brooklyn,sky is clear,291-311,7/3/2023 14:00
W7,Brooklyn,scattered clouds,291-311,7/3/2023 15:00
W26,Brooklyn,sky is clear,291-311,7/3/2023 16:00
W9,Brooklyn,few clouds,291-311,7/3/2023 17:00
W8,Brooklyn,broken clouds,291-311,7/3/2023 18:00
W19,Brooklyn,overcast clouds,291-311,7/3/2023 19:00
W7,Brooklyn,scattered clouds,291-311,7/3/2023 20:00
W19,Brooklyn,overcast clouds,291-311,7/3/2023 21:00
W20,Brooklyn,light rain,291-311,7/3/2023 22:00
W20,Brooklyn,light rain,291-311,7/3/2023 23:00
W20,Brooklyn,light rain,291-311,8/3/2023 0:00
W22,Brooklyn,moderate rain,291-311,8/3/2023 1:00
W20,Brooklyn,light rain,291-311,8/3/2023 2:00
W22,Brooklyn,moderate rain,291-311,8/3/2023 3:00
W8,Brooklyn,broken clouds,291-311,8/3/2023 4:00
W26,Brooklyn,sky is clear,291-311,8/3/2023 5:00
W11,Brooklyn,light rain,257-290,8/3/2023 6:00
W5,Brooklyn,sky is clear,257-290,8/3/2023 7:00
W4,Brooklyn,overcast clouds,257-290,8/3/2023 8:00
W4,Brooklyn,overcast clouds,257-290,8/3/2023 9:00
W1,Brooklyn,few clouds,257-290,8/3/2023 10:00
W4,Brooklyn,overcast clouds,257-290,8/3/2023 11:00
W4,Brooklyn,overcast clouds,257-290,8/3/2023 12:00
W2,Brooklyn,scattered clouds,257-290,8/3/2023 13:00
W1,Brooklyn,few clouds,257-290,8/3/2023 14:00
W5,Brooklyn,sky is clear,257-290,8/3/2023 15:00
W5,Brooklyn,sky is clear,257-290,8/3/2023 16:00
W5,Brooklyn,sky is clear,257-290,8/3/2023 17:00
W5,Brooklyn,sky is clear,257-290,8/3/2023 18:00
W5,Brooklyn,sky is clear,257-290,8/3/2023 19:00
W5,Brooklyn,sky is clear,257-290,8/3/2023 20:00
W5,Brooklyn,sky is clear,257-290,8/3/2023 21:00
W5,Brooklyn,sky is clear,257-290,8/3/2023 22:00
W5,Brooklyn,sky is clear,257-290,8/3/2023 23:00
W5,Brooklyn,sky is clear,257-290,9/3/2023 0:00
W5,Brooklyn,sky is clear,257-290,9/3/2023 1:00
W5,Brooklyn,sky is clear,257-290,9/3/2023 2:00
W5,Brooklyn,sky is clear,257-290,9/3/2023 3:00
W5,Brooklyn,sky is clear,257-290,9/3/2023 4:00
W5,Brooklyn,sky is clear,257-290,9/3/2023 5:00
W5,Brooklyn,sky is clear,257-290,9/3/2023 6:00
W5,Brooklyn,sky is clear,257-290,9/3/2023 7:00
W5,Brooklyn,sky is clear,257-290,9/3/2023 8:00
W4,Brooklyn,overcast clouds,257-290,9/3/2023 9:00
W4,Brooklyn,overcast clouds,257-290,9/3/2023 10:00
W12,Brooklyn,moderate rain,257-290,9/3/2023 11:00
W11,Brooklyn,light rain,257-290,9/3/2023 12:00
W11,Brooklyn,light rain,257-290,9/3/2023 13:00
W11,Brooklyn,light rain,257-290,9/3/2023 14:00
W12,Brooklyn,moderate rain,257-290,9/3/2023 15:00
W12,Brooklyn,moderate rain,257-290,9/3/2023 16:00
W10,Brooklyn,mist,257-290,9/3/2023 16:00
W10,Brooklyn,mist,257-290,9/3/2023 17:00
W12,Brooklyn,moderate rain,257-290,9/3/2023 17:00
W12,Brooklyn,moderate rain,257-290,9/3/2023 18:00
W10,Brooklyn,mist,257-290,9/3/2023 18:00
W10,Brooklyn,mist,257-290,9/3/2023 19:00
W12,Brooklyn,moderate rain,257-290,9/3/2023 19:00
W10,Brooklyn,mist,257-290,9/3/2023 20:00
W12,Brooklyn,moderate rain,257-290,9/3/2023 20:00
W12,Brooklyn,moderate rain,257-290,9/3/2023 21:00
W10,Brooklyn,mist,257-290,9/3/2023 21:00
W11,Brooklyn,light rain,257-290,9/3/2023 22:00
W10,Brooklyn,mist,257-290,9/3/2023 22:00
W11,Brooklyn,light rain,257-290,9/3/2023 23:00
W10,Brooklyn,mist,257-290,10/3/2023 0:00
W11,Brooklyn,light rain,257-290,10/3/2023 0:00
W11,Brooklyn,light rain,257-290,10/3/2023 1:00
W11,Brooklyn,light rain,257-290,10/3/2023 2:00
W11,Brooklyn,light rain,257-290,10/3/2023 3:00
W11,Brooklyn,light rain,257-290,10/3/2023 4:00
W11,Brooklyn,light rain,257-290,10/3/2023 5:00
W3,Brooklyn,broken clouds,257-290,10/3/2023 6:00
W11,Brooklyn,light rain,257-290,10/3/2023 7:00
W5,Brooklyn,sky is clear,257-290,10/3/2023 8:00
W5,Brooklyn,sky is clear,257-290,10/3/2023 9:00
W10,Brooklyn,mist,257-290,10/3/2023 10:00
W10,Brooklyn,mist,257-290,10/3/2023 11:00
W10,Brooklyn,mist,257-290,10/3/2023 12:00
W10,Brooklyn,mist,257-290,10/3/2023 13:00
W11,Brooklyn,light rain,257-290,10/3/2023 14:00
W6,Brooklyn,haze,257-290,10/3/2023 14:00
W6,Brooklyn,haze,257-290,10/3/2023 15:00
W11,Brooklyn,light rain,257-290,10/3/2023 16:00
W6,Brooklyn,haze,257-290,10/3/2023 16:00
W11,Brooklyn,light rain,257-290,10/3/2023 17:00
W5,Brooklyn,sky is clear,257-290,10/3/2023 18:00
W5,Brooklyn,sky is clear,257-290,10/3/2023 19:00
W5,Brooklyn,sky is clear,257-290,10/3/2023 20:00
W5,Brooklyn,sky is clear,257-290,10/3/2023 21:00
W5,Brooklyn,sky is clear,257-290,10/3/2023 22:00
W5,Brooklyn,sky is clear,257-290,10/3/2023 23:00
W5,Brooklyn,sky is clear,257-290,11/3/2023 0:00
W5,Brooklyn,sky is clear,257-290,11/3/2023 1:00
W5,Brooklyn,sky is clear,257-290,11/3/2023 2:00
W5,Brooklyn,sky is clear,257-290,11/3/2023 3:00
W4,Brooklyn,overcast clouds,257-290,11/3/2023 4:00
W4,Brooklyn,overcast clouds,257-290,11/3/2023 5:00
W5,Brooklyn,sky is clear,257-290,11/3/2023 6:00
W5,Brooklyn,sky is clear,257-290,11/3/2023 7:00
W5,Brooklyn,sky is clear,257-290,11/3/2023 8:00
W5,Brooklyn,sky is clear,257-290,11/3/2023 9:00
W5,Brooklyn,sky is clear,257-290,11/3/2023 10:00
W5,Brooklyn,sky is clear,257-290,11/3/2023 11:00
W5,Brooklyn,sky is clear,257-290,11/3/2023 12:00
W5,Brooklyn,sky is clear,257-290,11/3/2023 13:00
W5,Brooklyn,sky is clear,257-290,11/3/2023 14:00
W5,Brooklyn,sky is clear,257-290,11/3/2023 15:00
W26,Brooklyn,sky is clear,291-311,11/3/2023 16:00
W26,Brooklyn,sky is clear,291-311,11/3/2023 17:00
W26,Brooklyn,sky is clear,291-311,11/3/2023 18:00
W26,Brooklyn,sky is clear,291-311,11/3/2023 19:00
W5,Brooklyn,sky is clear,257-290,11/3/2023 20:00
W5,Brooklyn,sky is clear,257-290,11/3/2023 21:00
W11,Brooklyn,light rain,257-290,11/3/2023 22:00
W5,Brooklyn,sky is clear,257-290,11/3/2023 23:00
W1,Brooklyn,few clouds,257-290,12/3/2023 0:00
W3,Brooklyn,broken clouds,257-290,12/3/2023 1:00
W4,Brooklyn,overcast clouds,257-290,12/3/2023 2:00
W4,Brooklyn,overcast clouds,257-290,12/3/2023 3:00
W4,Brooklyn,overcast clouds,257-290,12/3/2023 4:00
W10,Brooklyn,mist,257-290,12/3/2023 5:00
W4,Brooklyn,overcast clouds,257-290,12/3/2023 6:00
W4,Brooklyn,overcast clouds,257-290,12/3/2023 7:00
W4,Brooklyn,overcast clouds,257-290,12/3/2023 8:00
W10,Brooklyn,mist,257-290,12/3/2023 9:00
W11,Brooklyn,light rain,257-290,12/3/2023 10:00
W10,Brooklyn,mist,257-290,12/3/2023 11:00
W10,Brooklyn,mist,257-290,12/3/2023 12:00
W12,Brooklyn,moderate rain,257-290,12/3/2023 13:00
W10,Brooklyn,mist,257-290,12/3/2023 13:00
W12,Brooklyn,moderate rain,257-290,12/3/2023 14:00
W10,Brooklyn,mist,257-290,12/3/2023 14:00
W15,Brooklyn,heavy intensity rain,257-290,12/3/2023 15:00
W10,Brooklyn,mist,257-290,12/3/2023 16:00
W12,Brooklyn,moderate rain,257-290,12/3/2023 16:00
W11,Brooklyn,light rain,257-290,12/3/2023 17:00
W16,Brooklyn,light snow,257-290,12/3/2023 17:00
W10,Brooklyn,mist,257-290,12/3/2023 17:00
W11,Brooklyn,light rain,257-290,12/3/2023 18:00
W17,Brooklyn,snow,257-290,12/3/2023 18:00
W17,Brooklyn,snow,257-290,12/3/2023 19:00
W11,Brooklyn,light rain,257-290,12/3/2023 19:00
W16,Brooklyn,light snow,257-290,12/3/2023 20:00
W11,Brooklyn,light rain,257-290,12/3/2023 20:00
W17,Brooklyn,snow,257-290,12/3/2023 21:00
W16,Brooklyn,light snow,257-290,12/3/2023 22:00
W16,Brooklyn,light snow,257-290,12/3/2023 23:00
W4,Brooklyn,overcast clouds,257-290,13-03-2023 00:00
W17,Brooklyn,snow,257-290,13-03-2023 01:00
W16,Brooklyn,light snow,257-290,13-03-2023 02:00
W16,Brooklyn,light snow,257-290,13-03-2023 03:00
W17,Brooklyn,snow,257-290,13-03-2023 04:00
W17,Brooklyn,snow,257-290,13-03-2023 05:00
W17,Brooklyn,snow,257-290,13-03-2023 06:00
W5,Manhattan,sky is clear,257-290,1/3/2023 0:00
W5,Manhattan,sky is clear,257-290,1/3/2023 1:00
W5,Manhattan,sky is clear,257-290,1/3/2023 2:00
W5,Manhattan,sky is clear,257-290,1/3/2023 3:00
W5,Manhattan,sky is clear,257-290,1/3/2023 4:00
W1,Manhattan,few clouds,257-290,1/3/2023 5:00
W5,Manhattan,sky is clear,257-290,1/3/2023 6:00
W3,Manhattan,broken clouds,257-290,1/3/2023 7:00
W1,Manhattan,few clouds,257-290,1/3/2023 8:00
W5,Manhattan,sky is clear,257-290,1/3/2023 9:00
W3,Manhattan,broken clouds,257-290,1/3/2023 10:00
W3,Manhattan,broken clouds,257-290,1/3/2023 11:00
W4,Manhattan,overcast clouds,257-290,1/3/2023 12:00
W4,Manhattan,overcast clouds,257-290,1/3/2023 13:00
W4,Manhattan,overcast clouds,257-290,1/3/2023 14:00
W4,Manhattan,overcast clouds,257-290,1/3/2023 15:00
W4,Manhattan,overcast clouds,257-290,1/3/2023 16:00
W4,Manhattan,overcast clouds,257-290,1/3/2023 17:00
W4,Manhattan,overcast clouds,257-290,1/3/2023 18:00
W4,Manhattan,overcast clouds,257-290,1/3/2023 19:00
W4,Manhattan,overcast clouds,257-290,1/3/2023 20:00
W2,Manhattan,scattered clouds,257-290,1/3/2023 21:00
W5,Manhattan,sky is clear,257-290,1/3/2023 22:00
W3,Manhattan,broken clouds,257-290,1/3/2023 23:00
W4,Manhattan,overcast clouds,257-290,2/3/2023 0:00
W11,Manhattan,light rain,257-290,2/3/2023 1:00
W4,Manhattan,overcast clouds,257-290,2/3/2023 2:00
W4,Manhattan,overcast clouds,257-290,2/3/2023 3:00
W4,Manhattan,overcast clouds,257-290,2/3/2023 4:00
W4,Manhattan,overcast clouds,257-290,2/3/2023 5:00
W4,Manhattan,overcast clouds,257-290,2/3/2023 6:00
W2,Manhattan,scattered clouds,257-290,2/3/2023 7:00
W5,Manhattan,sky is clear,257-290,2/3/2023 8:00
W5,Manhattan,sky is clear,257-290,2/3/2023 9:00
W3,Manhattan,broken clouds,257-290,2/3/2023 10:00
W5,Manhattan,sky is clear,257-290,2/3/2023 11:00
W5,Manhattan,sky is clear,257-290,2/3/2023 12:00
W5,Manhattan,sky is clear,257-290,2/3/2023 13:00
W2,Manhattan,scattered clouds,257-290,2/3/2023 14:00
W5,Manhattan,sky is clear,257-290,2/3/2023 15:00
W5,Manhattan,sky is clear,257-290,2/3/2023 16:00
W5,Manhattan,sky is clear,257-290,2/3/2023 17:00
W5,Manhattan,sky is clear,257-290,2/3/2023 18:00
W26,Manhattan,sky is clear,291-311,2/3/2023 19:00
W26,Manhattan,sky is clear,291-311,2/3/2023 20:00
W26,Manhattan,sky is clear,291-311,2/3/2023 21:00
W26,Manhattan,sky is clear,291-311,2/3/2023 22:00
W5,Manhattan,sky is clear,257-290,2/3/2023 23:00
W5,Manhattan,sky is clear,257-290,3/3/2023 0:00
W5,Manhattan,sky is clear,257-290,3/3/2023 1:00
W5,Manhattan,sky is clear,257-290,3/3/2023 2:00
W1,Manhattan,few clouds,257-290,3/3/2023 3:00
W1,Manhattan,few clouds,257-290,3/3/2023 4:00
W4,Manhattan,overcast clouds,257-290,3/3/2023 5:00
W3,Manhattan,broken clouds,257-290,3/3/2023 6:00
W11,Manhattan,light rain,257-290,3/3/2023 7:00
W11,Manhattan,light rain,257-290,3/3/2023 8:00
W11,Manhattan,light rain,257-290,3/3/2023 9:00
W11,Manhattan,light rain,257-290,3/3/2023 10:00
W11,Manhattan,light rain,257-290,3/3/2023 11:00
W1,Manhattan,few clouds,257-290,3/3/2023 12:00
W5,Manhattan,sky is clear,257-290,3/3/2023 13:00
W5,Manhattan,sky is clear,257-290,3/3/2023 14:00
W5,Manhattan,sky is clear,257-290,3/3/2023 15:00
W5,Manhattan,sky is clear,257-290,3/3/2023 16:00
W5,Manhattan,sky is clear,257-290,3/3/2023 17:00
W5,Manhattan,sky is clear,257-290,3/3/2023 18:00
W5,Manhattan,sky is clear,257-290,3/3/2023 19:00
W5,Manhattan,sky is clear,257-290,3/3/2023 20:00
W5,Manhattan,sky is clear,257-290,3/3/2023 21:00
W5,Manhattan,sky is clear,257-290,3/3/2023 22:00
W5,Manhattan,sky is clear,257-290,3/3/2023 23:00
W5,Manhattan,sky is clear,257-290,4/3/2023 0:00
W5,Manhattan,sky is clear,257-290,4/3/2023 1:00
W5,Manhattan,sky is clear,257-290,4/3/2023 2:00
W5,Manhattan,sky is clear,257-290,4/3/2023 3:00
W5,Manhattan,sky is clear,257-290,4/3/2023 4:00
W5,Manhattan,sky is clear,257-290,4/3/2023 5:00
W5,Manhattan,sky is clear,257-290,4/3/2023 6:00
W5,Manhattan,sky is clear,257-290,4/3/2023 7:00
W5,Manhattan,sky is clear,257-290,4/3/2023 8:00
W5,Manhattan,sky is clear,257-290,4/3/2023 9:00
W5,Manhattan,sky is clear,257-290,4/3/2023 10:00
W5,Manhattan,sky is clear,257-290,4/3/2023 11:00
W5,Manhattan,sky is clear,257-290,4/3/2023 12:00
W5,Manhattan,sky is clear,257-290,4/3/2023 13:00
W5,Manhattan,sky is clear,257-290,4/3/2023 14:00
W5,Manhattan,sky is clear,257-290,4/3/2023 15:00
W16,Manhattan,light snow,257-290,4/3/2023 16:00
W5,Manhattan,sky is clear,257-290,4/3/2023 17:00
W5,Manhattan,sky is clear,257-290,4/3/2023 18:00
W5,Manhattan,sky is clear,257-290,4/3/2023 19:00
W5,Manhattan,sky is clear,257-290,4/3/2023 20:00
W5,Manhattan,sky is clear,257-290,4/3/2023 21:00
W5,Manhattan,sky is clear,257-290,4/3/2023 22:00
W5,Manhattan,sky is clear,257-290,4/3/2023 23:00
W5,Manhattan,sky is clear,257-290,5/3/2023 0:00
W5,Manhattan,sky is clear,257-290,5/3/2023 1:00
W1,Manhattan,few clouds,257-290,5/3/2023 2:00
W5,Manhattan,sky is clear,257-290,5/3/2023 3:00
W5,Manhattan,sky is clear,257-290,5/3/2023 4:00
W5,Manhattan,sky is clear,257-290,5/3/2023 5:00
W5,Manhattan,sky is clear,257-290,5/3/2023 6:00
W5,Manhattan,sky is clear,257-290,5/3/2023 7:00
W5,Manhattan,sky is clear,257-290,5/3/2023 8:00
W5,Manhattan,sky is clear,257-290,5/3/2023 9:00
W5,Manhattan,sky is clear,257-290,5/3/2023 10:00
W5,Manhattan,sky is clear,257-290,5/3/2023 11:00
W5,Manhattan,sky is clear,257-290,5/3/2023 12:00
W5,Manhattan,sky is clear,257-290,5/3/2023 13:00
W5,Manhattan,sky is clear,257-290,5/3/2023 14:00
W5,Manhattan,sky is clear,257-290,5/3/2023 15:00
W5,Manhattan,sky is clear,257-290,5/3/2023 16:00
W5,Manhattan,sky is clear,257-290,5/3/2023 17:00
W4,Manhattan,overcast clouds,257-290,5/3/2023 18:00
W3,Manhattan,broken clouds,257-290,5/3/2023 19:00
W1,Manhattan,few clouds,257-290,5/3/2023 20:00
W5,Manhattan,sky is clear,257-290,5/3/2023 21:00
W5,Manhattan,sky is clear,257-290,5/3/2023 22:00
W5,Manhattan,sky is clear,257-290,5/3/2023 23:00
W5,Manhattan,sky is clear,257-290,6/3/2023 0:00
W3,Manhattan,broken clouds,257-290,6/3/2023 1:00
W3,Manhattan,broken clouds,257-290,6/3/2023 2:00
W4,Manhattan,overcast clouds,257-290,6/3/2023 3:00
W4,Manhattan,overcast clouds,257-290,6/3/2023 4:00
W4,Manhattan,overcast clouds,257-290,6/3/2023 5:00
W4,Manhattan,overcast clouds,257-290,6/3/2023 6:00
W4,Manhattan,overcast clouds,257-290,6/3/2023 7:00
W4,Manhattan,overcast clouds,257-290,6/3/2023 8:00
W4,Manhattan,overcast clouds,257-290,6/3/2023 9:00
W4,Manhattan,overcast clouds,257-290,6/3/2023 10:00
W4,Manhattan,overcast clouds,257-290,6/3/2023 11:00
W4,Manhattan,overcast clouds,257-290,6/3/2023 12:00
W6,Manhattan,haze,257-290,6/3/2023 13:00
W6,Manhattan,haze,257-290,6/3/2023 14:00
W20,Manhattan,light rain,291-311,6/3/2023 15:00
W27,Manhattan,mist,291-311,6/3/2023 15:00
W27,Manhattan,mist,291-311,6/3/2023 16:00
W20,Manhattan,light rain,291-311,6/3/2023 16:00
W27,Manhattan,mist,291-311,6/3/2023 17:00
W20,Manhattan,light rain,291-311,6/3/2023 17:00
W27,Manhattan,mist,291-311,6/3/2023 18:00
W20,Manhattan,light rain,291-311,6/3/2023 18:00
W27,Manhattan,mist,291-311,6/3/2023 19:00
W26,Manhattan,sky is clear,291-311,6/3/2023 20:00
W9,Manhattan,few clouds,291-311,6/3/2023 21:00
W8,Manhattan,broken clouds,291-311,6/3/2023 22:00
W26,Manhattan,sky is clear,291-311,6/3/2023 23:00
W9,Manhattan,few clouds,291-311,7/3/2023 0:00
W26,Manhattan,sky is clear,291-311,7/3/2023 1:00
W26,Manhattan,sky is clear,291-311,7/3/2023 2:00
W26,Manhattan,sky is clear,291-311,7/3/2023 3:00
W8,Manhattan,broken clouds,291-311,7/3/2023 4:00
W26,Manhattan,sky is clear,291-311,7/3/2023 5:00
W26,Manhattan,sky is clear,291-311,7/3/2023 6:00
W26,Manhattan,sky is clear,291-311,7/3/2023 7:00
W19,Manhattan,overcast clouds,291-311,7/3/2023 8:00
W26,Manhattan,sky is clear,291-311,7/3/2023 9:00
W19,Manhattan,overcast clouds,291-311,7/3/2023 10:00
W26,Manhattan,sky is clear,291-311,7/3/2023 11:00
W26,Manhattan,sky is clear,291-311,7/3/2023 12:00
W19,Manhattan,overcast clouds,291-311,7/3/2023 13:00
W8,Manhattan,broken clouds,291-311,7/3/2023 14:00
W7,Manhattan,scattered clouds,291-311,7/3/2023 15:00
W26,Manhattan,sky is clear,291-311,7/3/2023 16:00
W26,Manhattan,sky is clear,291-311,7/3/2023 17:00
W8,Manhattan,broken clouds,291-311,7/3/2023 18:00
W19,Manhattan,overcast clouds,291-311,7/3/2023 19:00
W9,Manhattan,few clouds,291-311,7/3/2023 20:00
W8,Manhattan,broken clouds,291-311,7/3/2023 21:00
W20,Manhattan,light rain,291-311,7/3/2023 22:00
W20,Manhattan,light rain,291-311,7/3/2023 23:00
W20,Manhattan,light rain,291-311,8/3/2023 0:00
W22,Manhattan,moderate rain,291-311,8/3/2023 1:00
W20,Manhattan,light rain,291-311,8/3/2023 2:00
W22,Manhattan,moderate rain,291-311,8/3/2023 3:00
W8,Manhattan,broken clouds,291-311,8/3/2023 4:00
W26,Manhattan,sky is clear,291-311,8/3/2023 5:00
W5,Manhattan,sky is clear,257-290,8/3/2023 6:00
W3,Manhattan,broken clouds,257-290,8/3/2023 7:00
W4,Manhattan,overcast clouds,257-290,8/3/2023 8:00
W3,Manhattan,broken clouds,257-290,8/3/2023 9:00
W2,Manhattan,scattered clouds,257-290,8/3/2023 10:00
W3,Manhattan,broken clouds,257-290,8/3/2023 11:00
W4,Manhattan,overcast clouds,257-290,8/3/2023 12:00
W2,Manhattan,scattered clouds,257-290,8/3/2023 13:00
W5,Manhattan,sky is clear,257-290,8/3/2023 14:00
W5,Manhattan,sky is clear,257-290,8/3/2023 15:00
W5,Manhattan,sky is clear,257-290,8/3/2023 16:00
W5,Manhattan,sky is clear,257-290,8/3/2023 17:00
W5,Manhattan,sky is clear,257-290,8/3/2023 18:00
W5,Manhattan,sky is clear,257-290,8/3/2023 19:00
W5,Manhattan,sky is clear,257-290,8/3/2023 20:00
W5,Manhattan,sky is clear,257-290,8/3/2023 21:00
W5,Manhattan,sky is clear,257-290,8/3/2023 22:00
W5,Manhattan,sky is clear,257-290,8/3/2023 23:00
W5,Manhattan,sky is clear,257-290,9/3/2023 0:00
W5,Manhattan,sky is clear,257-290,9/3/2023 1:00
W5,Manhattan,sky is clear,257-290,9/3/2023 2:00
W5,Manhattan,sky is clear,257-290,9/3/2023 3:00
W5,Manhattan,sky is clear,257-290,9/3/2023 4:00
W5,Manhattan,sky is clear,257-290,9/3/2023 5:00
W5,Manhattan,sky is clear,257-290,9/3/2023 6:00
W5,Manhattan,sky is clear,257-290,9/3/2023 7:00
W5,Manhattan,sky is clear,257-290,9/3/2023 8:00
W2,Manhattan,scattered clouds,257-290,9/3/2023 9:00
W4,Manhattan,overcast clouds,257-290,9/3/2023 10:00
W11,Manhattan,light rain,257-290,9/3/2023 11:00
W11,Manhattan,light rain,257-290,9/3/2023 12:00
W11,Manhattan,light rain,257-290,9/3/2023 13:00
W11,Manhattan,light rain,257-290,9/3/2023 14:00
W10,Manhattan,mist,257-290,9/3/2023 14:00
W16,Manhattan,light snow,257-290,9/3/2023 15:00
W10,Manhattan,mist,257-290,9/3/2023 15:00
W12,Manhattan,moderate rain,257-290,9/3/2023 15:00
W16,Manhattan,light snow,257-290,9/3/2023 16:00
W10,Manhattan,mist,257-290,9/3/2023 16:00
W12,Manhattan,moderate rain,257-290,9/3/2023 16:00
W16,Manhattan,light snow,257-290,9/3/2023 17:00
W10,Manhattan,mist,257-290,9/3/2023 17:00
W12,Manhattan,moderate rain,257-290,9/3/2023 17:00
W10,Manhattan,mist,257-290,9/3/2023 18:00
W11,Manhattan,light rain,257-290,9/3/2023 18:00
W16,Manhattan,light snow,257-290,9/3/2023 19:00
W10,Manhattan,mist,257-290,9/3/2023 19:00
W12,Manhattan,moderate rain,257-290,9/3/2023 19:00
W12,Manhattan,moderate rain,257-290,9/3/2023 20:00
W10,Manhattan,mist,257-290,9/3/2023 20:00
W10,Manhattan,mist,257-290,9/3/2023 21:00
W12,Manhattan,moderate rain,257-290,9/3/2023 21:00
W16,Manhattan,light snow,257-290,9/3/2023 21:00
W16,Manhattan,light snow,257-290,9/3/2023 22:00
W10,Manhattan,mist,257-290,9/3/2023 22:00
W12,Manhattan,moderate rain,257-290,9/3/2023 22:00
W16,Manhattan,light snow,257-290,9/3/2023 23:00
W10,Manhattan,mist,257-290,9/3/2023 23:00
W11,Manhattan,light rain,257-290,9/3/2023 23:00
W10,Manhattan,mist,257-290,10/3/2023 0:00
W11,Manhattan,light rain,257-290,10/3/2023 0:00
W10,Manhattan,mist,257-290,10/3/2023 1:00
W11,Manhattan,light rain,257-290,10/3/2023 1:00
W11,Manhattan,light rain,257-290,10/3/2023 2:00
W11,Manhattan,light rain,257-290,10/3/2023 3:00
W11,Manhattan,light rain,257-290,10/3/2023 4:00
W16,Manhattan,light snow,257-290,10/3/2023 5:00
W11,Manhattan,light rain,257-290,10/3/2023 6:00
W14,Manhattan,fog,257-290,10/3/2023 7:00
W11,Manhattan,light rain,257-290,10/3/2023 7:00
W5,Manhattan,sky is clear,257-290,10/3/2023 8:00
W16,Manhattan,light snow,257-290,10/3/2023 9:00
W10,Manhattan,mist,257-290,10/3/2023 10:00
W10,Manhattan,mist,257-290,10/3/2023 11:00
W10,Manhattan,mist,257-290,10/3/2023 12:00
W10,Manhattan,mist,257-290,10/3/2023 13:00
W11,Manhattan,light rain,257-290,10/3/2023 13:00
W6,Manhattan,haze,257-290,10/3/2023 14:00
W12,Manhattan,moderate rain,257-290,10/3/2023 14:00
W12,Manhattan,moderate rain,257-290,10/3/2023 15:00
W6,Manhattan,haze,257-290,10/3/2023 15:00
W6,Manhattan,haze,257-290,10/3/2023 16:00
W12,Manhattan,moderate rain,257-290,10/3/2023 16:00
W12,Manhattan,moderate rain,257-290,10/3/2023 17:00
W12,Manhattan,moderate rain,257-290,10/3/2023 18:00
W12,Manhattan,moderate rain,257-290,10/3/2023 19:00
W5,Manhattan,sky is clear,257-290,10/3/2023 20:00
W5,Manhattan,sky is clear,257-290,10/3/2023 21:00
W5,Manhattan,sky is clear,257-290,10/3/2023 22:00
W5,Manhattan,sky is clear,257-290,10/3/2023 23:00
W5,Manhattan,sky is clear,257-290,11/3/2023 0:00
W5,Manhattan,sky is clear,257-290,11/3/2023 1:00
W5,Manhattan,sky is clear,257-290,11/3/2023 2:00
W5,Manhattan,sky is clear,257-290,11/3/2023 3:00
W4,Manhattan,overcast clouds,257-290,11/3/2023 4:00
W4,Manhattan,overcast clouds,257-290,11/3/2023 5:00
W5,Manhattan,sky is clear,257-290,11/3/2023 6:00
W5,Manhattan,sky is clear,257-290,11/3/2023 7:00
W5,Manhattan,sky is clear,257-290,11/3/2023 8:00
W5,Manhattan,sky is clear,257-290,11/3/2023 9:00
W5,Manhattan,sky is clear,257-290,11/3/2023 10:00
W5,Manhattan,sky is clear,257-290,11/3/2023 11:00
W5,Manhattan,sky is clear,257-290,11/3/2023 12:00
W5,Manhattan,sky is clear,257-290,11/3/2023 13:00
W5,Manhattan,sky is clear,257-290,11/3/2023 14:00
W5,Manhattan,sky is clear,257-290,11/3/2023 15:00
W26,Manhattan,sky is clear,291-311,11/3/2023 16:00
W26,Manhattan,sky is clear,291-311,11/3/2023 17:00
W26,Manhattan,sky is clear,291-311,11/3/2023 18:00
W26,Manhattan,sky is clear,291-311,11/3/2023 19:00
W26,Manhattan,sky is clear,291-311,11/3/2023 20:00
W5,Manhattan,sky is clear,257-290,11/3/2023 21:00
W5,Manhattan,sky is clear,257-290,11/3/2023 22:00
W5,Manhattan,sky is clear,257-290,11/3/2023 23:00
W5,Manhattan,sky is clear,257-290,12/3/2023 0:00
W3,Manhattan,broken clouds,257-290,12/3/2023 1:00
W3,Manhattan,broken clouds,257-290,12/3/2023 2:00
W4,Manhattan,overcast clouds,257-290,12/3/2023 3:00
W3,Manhattan,broken clouds,257-290,12/3/2023 4:00
W3,Manhattan,broken clouds,257-290,12/3/2023 5:00
W4,Manhattan,overcast clouds,257-290,12/3/2023 6:00
W4,Manhattan,overcast clouds,257-290,12/3/2023 7:00
W10,Manhattan,mist,257-290,12/3/2023 8:00
W10,Manhattan,mist,257-290,12/3/2023 9:00
W11,Manhattan,light rain,257-290,12/3/2023 10:00
W11,Manhattan,light rain,257-290,12/3/2023 11:00
W10,Manhattan,mist,257-290,12/3/2023 11:00
W10,Manhattan,mist,257-290,12/3/2023 12:00
W12,Manhattan,moderate rain,257-290,12/3/2023 13:00
W10,Manhattan,mist,257-290,12/3/2023 13:00
W15,Manhattan,heavy intensity rain,257-290,12/3/2023 14:00
W10,Manhattan,mist,257-290,12/3/2023 14:00
W12,Manhattan,moderate rain,257-290,12/3/2023 15:00
W10,Manhattan,mist,257-290,12/3/2023 15:00
W12,Manhattan,moderate rain,257-290,12/3/2023 16:00
W10,Manhattan,mist,257-290,12/3/2023 16:00
W16,Manhattan,light snow,257-290,12/3/2023 17:00
W10,Manhattan,mist,257-290,12/3/2023 17:00
W12,Manhattan,moderate rain,257-290,12/3/2023 17:00
W16,Manhattan,light snow,257-290,12/3/2023 18:00
W11,Manhattan,light rain,257-290,12/3/2023 18:00
W16,Manhattan,light snow,257-290,12/3/2023 19:00
W10,Manhattan,mist,257-290,12/3/2023 19:00
W16,Manhattan,light snow,257-290,12/3/2023 20:00
W16,Manhattan,light snow,257-290,12/3/2023 21:00
W16,Manhattan,light snow,257-290,12/3/2023 22:00
W16,Manhattan,light snow,257-290,12/3/2023 23:00
W4,Manhattan,overcast clouds,257-290,13-03-2023 00:00
W3,Manhattan,broken clouds,257-290,13-03-2023 01:00
W1,Manhattan,few clouds,257-290,13-03-2023 02:00
W16,Manhattan,light snow,257-290,13-03-2023 03:00
W16,Manhattan,light snow,257-290,13-03-2023 04:00
W16,Manhattan,light snow,257-290,13-03-2023 05:00
W16,Manhattan,light snow,257-290,13-03-2023 06:00
W2,Queens,scattered clouds,257-290,1/3/2023 0:00
W1,Queens,few clouds,257-290,1/3/2023 1:00
W2,Queens,scattered clouds,257-290,1/3/2023 2:00
W2,Queens,scattered clouds,257-290,1/3/2023 3:00
W2,Queens,scattered clouds,257-290,1/3/2023 4:00
W2,Queens,scattered clouds,257-290,1/3/2023 5:00
W3,Queens,broken clouds,257-290,1/3/2023 6:00
W4,Queens,overcast clouds,257-290,1/3/2023 7:00
W4,Queens,overcast clouds,257-290,1/3/2023 8:00
W4,Queens,overcast clouds,257-290,1/3/2023 9:00
W3,Queens,broken clouds,257-290,1/3/2023 10:00
W3,Queens,broken clouds,257-290,1/3/2023 11:00
W3,Queens,broken clouds,257-290,1/3/2023 12:00
W4,Queens,overcast clouds,257-290,1/3/2023 13:00
W4,Queens,overcast clouds,257-290,1/3/2023 14:00
W4,Queens,overcast clouds,257-290,1/3/2023 15:00
W4,Queens,overcast clouds,257-290,1/3/2023 16:00
W4,Queens,overcast clouds,257-290,1/3/2023 17:00
W4,Queens,overcast clouds,257-290,1/3/2023 18:00
W4,Queens,overcast clouds,257-290,1/3/2023 19:00
W3,Queens,broken clouds,257-290,1/3/2023 20:00
W3,Queens,broken clouds,257-290,1/3/2023 21:00
W3,Queens,broken clouds,257-290,1/3/2023 22:00
W3,Queens,broken clouds,257-290,1/3/2023 23:00
W4,Queens,overcast clouds,257-290,2/3/2023 0:00
W11,Queens,light rain,257-290,2/3/2023 1:00
W11,Queens,light rain,257-290,2/3/2023 2:00
W11,Queens,light rain,257-290,2/3/2023 3:00
W4,Queens,overcast clouds,257-290,2/3/2023 4:00
W4,Queens,overcast clouds,257-290,2/3/2023 5:00
W4,Queens,overcast clouds,257-290,2/3/2023 6:00
W2,Queens,scattered clouds,257-290,2/3/2023 7:00
W2,Queens,scattered clouds,257-290,2/3/2023 8:00
W1,Queens,few clouds,257-290,2/3/2023 9:00
W3,Queens,broken clouds,257-290,2/3/2023 10:00
W1,Queens,few clouds,257-290,2/3/2023 11:00
W2,Queens,scattered clouds,257-290,2/3/2023 12:00
W2,Queens,scattered clouds,257-290,2/3/2023 13:00
W2,Queens,scattered clouds,257-290,2/3/2023 14:00
W2,Queens,scattered clouds,257-290,2/3/2023 15:00
W2,Queens,scattered clouds,257-290,2/3/2023 16:00
W2,Queens,scattered clouds,257-290,2/3/2023 17:00
W1,Queens,few clouds,257-290,2/3/2023 18:00
W1,Queens,few clouds,257-290,2/3/2023 19:00
W9,Queens,few clouds,291-311,2/3/2023 20:00
W9,Queens,few clouds,291-311,2/3/2023 21:00
W7,Queens,scattered clouds,291-311,2/3/2023 22:00
W2,Queens,scattered clouds,257-290,2/3/2023 23:00
W2,Queens,scattered clouds,257-290,3/3/2023 0:00
W2,Queens,scattered clouds,257-290,3/3/2023 1:00
W3,Queens,broken clouds,257-290,3/3/2023 2:00
W3,Queens,broken clouds,257-290,3/3/2023 3:00
W2,Queens,scattered clouds,257-290,3/3/2023 4:00
W4,Queens,overcast clouds,257-290,3/3/2023 5:00
W4,Queens,overcast clouds,257-290,3/3/2023 6:00
W11,Queens,light rain,257-290,3/3/2023 7:00
W11,Queens,light rain,257-290,3/3/2023 8:00
W11,Queens,light rain,257-290,3/3/2023 9:00
W11,Queens,light rain,257-290,3/3/2023 10:00
W11,Queens,light rain,257-290,3/3/2023 11:00
W11,Queens,light rain,257-290,3/3/2023 12:00
W2,Queens,scattered clouds,257-290,3/3/2023 13:00
W2,Queens,scattered clouds,257-290,3/3/2023 14:00
W2,Queens,scattered clouds,257-290,3/3/2023 15:00
W2,Queens,scattered clouds,257-290,3/3/2023 16:00
W2,Queens,scattered clouds,257-290,3/3/2023 17:00
W2,Queens,scattered clouds,257-290,3/3/2023 18:00
W3,Queens,broken clouds,257-290,3/3/2023 19:00
W2,Queens,scattered clouds,257-290,3/3/2023 20:00
W1,Queens,few clouds,257-290,3/3/2023 21:00
W1,Queens,few clouds,257-290,3/3/2023 22:00
W1,Queens,few clouds,257-290,3/3/2023 23:00
W1,Queens,few clouds,257-290,4/3/2023 0:00
W1,Queens,few clouds,257-290,4/3/2023 1:00
W1,Queens,few clouds,257-290,4/3/2023 2:00
W1,Queens,few clouds,257-290,4/3/2023 3:00
W1,Queens,few clouds,257-290,4/3/2023 4:00
W1,Queens,few clouds,257-290,4/3/2023 5:00
W1,Queens,few clouds,257-290,4/3/2023 6:00
W1,Queens,few clouds,257-290,4/3/2023 7:00
W1,Queens,few clouds,257-290,4/3/2023 8:00
W1,Queens,few clouds,257-290,4/3/2023 9:00
W1,Queens,few clouds,257-290,4/3/2023 10:00
W5,Queens,sky is clear,257-290,4/3/2023 11:00
W5,Queens,sky is clear,257-290,4/3/2023 12:00
W5,Queens,sky is clear,257-290,4/3/2023 13:00
W5,Queens,sky is clear,257-290,4/3/2023 14:00
W2,Queens,scattered clouds,257-290,4/3/2023 15:00
W2,Queens,scattered clouds,257-290,4/3/2023 16:00
W2,Queens,scattered clouds,257-290,4/3/2023 17:00
W2,Queens,scattered clouds,257-290,4/3/2023 18:00
W2,Queens,scattered clouds,257-290,4/3/2023 19:00
W2,Queens,scattered clouds,257-290,4/3/2023 20:00
W2,Queens,scattered clouds,257-290,4/3/2023 21:00
W2,Queens,scattered clouds,257-290,4/3/2023 22:00
W2,Queens,scattered clouds,257-290,4/3/2023 23:00
W1,Queens,few clouds,257-290,5/3/2023 0:00
W1,Queens,few clouds,257-290,5/3/2023 1:00
W1,Queens,few clouds,257-290,5/3/2023 2:00
W1,Queens,few clouds,257-290,5/3/2023 3:00
W1,Queens,few clouds,257-290,5/3/2023 4:00
W2,Queens,scattered clouds,257-290,5/3/2023 5:00
W2,Queens,scattered clouds,257-290,5/3/2023 6:00
W2,Queens,scattered clouds,257-290,5/3/2023 7:00
W2,Queens,scattered clouds,257-290,5/3/2023 8:00
W2,Queens,scattered clouds,257-290,5/3/2023 9:00
W3,Queens,broken clouds,257-290,5/3/2023 10:00
W3,Queens,broken clouds,257-290,5/3/2023 11:00
W3,Queens,broken clouds,257-290,5/3/2023 12:00
W3,Queens,broken clouds,257-290,5/3/2023 13:00
W3,Queens,broken clouds,257-290,5/3/2023 14:00
W3,Queens,broken clouds,257-290,5/3/2023 15:00
W3,Queens,broken clouds,257-290,5/3/2023 16:00
W4,Queens,overcast clouds,257-290,5/3/2023 17:00
W4,Queens,overcast clouds,257-290,5/3/2023 18:00
W3,Queens,broken clouds,257-290,5/3/2023 19:00
W3,Queens,broken clouds,257-290,5/3/2023 20:00
W3,Queens,broken clouds,257-290,5/3/2023 21:00
W3,Queens,broken clouds,257-290,5/3/2023 22:00
W3,Queens,broken clouds,257-290,5/3/2023 23:00
W3,Queens,broken clouds,257-290,6/3/2023 0:00
W3,Queens,broken clouds,257-290,6/3/2023 1:00
W3,Queens,broken clouds,257-290,6/3/2023 2:00
W4,Queens,overcast clouds,257-290,6/3/2023 3:00
W4,Queens,overcast clouds,257-290,6/3/2023 4:00
W4,Queens,overcast clouds,257-290,6/3/2023 5:00
W4,Queens,overcast clouds,257-290,6/3/2023 6:00
W4,Queens,overcast clouds,257-290,6/3/2023 7:00
W4,Queens,overcast clouds,257-290,6/3/2023 8:00
W4,Queens,overcast clouds,257-290,6/3/2023 9:00
W10,Queens,mist,257-290,6/3/2023 10:00
W10,Queens,mist,257-290,6/3/2023 11:00
W10,Queens,mist,257-290,6/3/2023 12:00
W10,Queens,mist,257-290,6/3/2023 13:00
W6,Queens,haze,257-290,6/3/2023 14:00
W20,Queens,light rain,291-311,6/3/2023 15:00
W20,Queens,light rain,291-311,6/3/2023 16:00
W20,Queens,light rain,291-311,6/3/2023 17:00
W20,Queens,light rain,291-311,6/3/2023 18:00
W27,Queens,mist,291-311,6/3/2023 18:00
W20,Queens,light rain,291-311,6/3/2023 19:00
W8,Queens,broken clouds,291-311,6/3/2023 20:00
W20,Queens,light rain,291-311,6/3/2023 21:00
W8,Queens,broken clouds,291-311,6/3/2023 22:00
W7,Queens,scattered clouds,291-311,6/3/2023 23:00
W8,Queens,broken clouds,291-311,7/3/2023 0:00
W8,Queens,broken clouds,291-311,7/3/2023 1:00
W8,Queens,broken clouds,291-311,7/3/2023 2:00
W8,Queens,broken clouds,291-311,7/3/2023 3:00
W8,Queens,broken clouds,291-311,7/3/2023 4:00
W19,Queens,overcast clouds,291-311,7/3/2023 5:00
W19,Queens,overcast clouds,291-311,7/3/2023 6:00
W19,Queens,overcast clouds,291-311,7/3/2023 7:00
W19,Queens,overcast clouds,291-311,7/3/2023 8:00
W19,Queens,overcast clouds,291-311,7/3/2023 9:00
W19,Queens,overcast clouds,291-311,7/3/2023 10:00
W19,Queens,overcast clouds,291-311,7/3/2023 11:00
W8,Queens,broken clouds,291-311,7/3/2023 12:00
W8,Queens,broken clouds,291-311,7/3/2023 13:00
W8,Queens,broken clouds,291-311,7/3/2023 14:00
W8,Queens,broken clouds,291-311,7/3/2023 15:00
W8,Queens,broken clouds,291-311,7/3/2023 16:00
W19,Queens,overcast clouds,291-311,7/3/2023 17:00
W19,Queens,overcast clouds,291-311,7/3/2023 18:00
W19,Queens,overcast clouds,291-311,7/3/2023 19:00
W8,Queens,broken clouds,291-311,7/3/2023 20:00
W8,Queens,broken clouds,291-311,7/3/2023 21:00
W22,Queens,moderate rain,291-311,7/3/2023 22:00
W20,Queens,light rain,291-311,7/3/2023 23:00
W20,Queens,light rain,291-311,8/3/2023 0:00
W20,Queens,light rain,291-311,8/3/2023 1:00
W20,Queens,light rain,291-311,8/3/2023 2:00
W22,Queens,moderate rain,291-311,8/3/2023 3:00
W20,Queens,light rain,291-311,8/3/2023 4:00
W8,Queens,broken clouds,291-311,8/3/2023 5:00
W3,Queens,broken clouds,257-290,8/3/2023 6:00
W3,Queens,broken clouds,257-290,8/3/2023 7:00
W3,Queens,broken clouds,257-290,8/3/2023 8:00
W3,Queens,broken clouds,257-290,8/3/2023 9:00
W3,Queens,broken clouds,257-290,8/3/2023 10:00
W3,Queens,broken clouds,257-290,8/3/2023 11:00
W3,Queens,broken clouds,257-290,8/3/2023 12:00
W3,Queens,broken clouds,257-290,8/3/2023 13:00
W3,Queens,broken clouds,257-290,8/3/2023 14:00
W3,Queens,broken clouds,257-290,8/3/2023 15:00
W3,Queens,broken clouds,257-290,8/3/2023 16:00
W3,Queens,broken clouds,257-290,8/3/2023 17:00
W3,Queens,broken clouds,257-290,8/3/2023 18:00
W3,Queens,broken clouds,257-290,8/3/2023 19:00
W3,Queens,broken clouds,257-290,8/3/2023 20:00
W3,Queens,broken clouds,257-290,8/3/2023 21:00
W3,Queens,broken clouds,257-290,8/3/2023 22:00
W3,Queens,broken clouds,257-290,8/3/2023 23:00
W3,Queens,broken clouds,257-290,9/3/2023 0:00
W3,Queens,broken clouds,257-290,9/3/2023 1:00
W3,Queens,broken clouds,257-290,9/3/2023 2:00
W3,Queens,broken clouds,257-290,9/3/2023 3:00
W4,Queens,overcast clouds,257-290,9/3/2023 4:00
W5,Queens,sky is clear,257-290,9/3/2023 5:00
W4,Queens,overcast clouds,257-290,9/3/2023 6:00
W4,Queens,overcast clouds,257-290,9/3/2023 7:00
W4,Queens,overcast clouds,257-290,9/3/2023 8:00
W4,Queens,overcast clouds,257-290,9/3/2023 9:00
W4,Queens,overcast clouds,257-290,9/3/2023 10:00
W11,Queens,light rain,257-290,9/3/2023 11:00
W11,Queens,light rain,257-290,9/3/2023 12:00
W10,Queens,mist,257-290,9/3/2023 12:00
W11,Queens,light rain,257-290,9/3/2023 13:00
W11,Queens,light rain,257-290,9/3/2023 14:00
W12,Queens,moderate rain,257-290,9/3/2023 15:00
W10,Queens,mist,257-290,9/3/2023 15:00
W17,Queens,snow,257-290,9/3/2023 16:00
W14,Queens,fog,257-290,9/3/2023 16:00
W11,Queens,light rain,257-290,9/3/2023 16:00
W10,Queens,mist,257-290,9/3/2023 17:00
W12,Queens,moderate rain,257-290,9/3/2023 17:00
W10,Queens,mist,257-290,9/3/2023 18:00
W12,Queens,moderate rain,257-290,9/3/2023 18:00
W10,Queens,mist,257-290,9/3/2023 19:00
W12,Queens,moderate rain,257-290,9/3/2023 19:00
W11,Queens,light rain,257-290,9/3/2023 20:00
W10,Queens,mist,257-290,9/3/2023 20:00
W10,Queens,mist,257-290,9/3/2023 21:00
W12,Queens,moderate rain,257-290,9/3/2023 21:00
W10,Queens,mist,257-290,9/3/2023 22:00
W11,Queens,light rain,257-290,9/3/2023 22:00
W10,Queens,mist,257-290,9/3/2023 23:00
W11,Queens,light rain,257-290,9/3/2023 23:00
W10,Queens,mist,257-290,10/3/2023 0:00
W11,Queens,light rain,257-290,10/3/2023 0:00
W11,Queens,light rain,257-290,10/3/2023 1:00
W11,Queens,light rain,257-290,10/3/2023 2:00
W11,Queens,light rain,257-290,10/3/2023 3:00
W11,Queens,light rain,257-290,10/3/2023 4:00
W11,Queens,light rain,257-290,10/3/2023 5:00
W2,Queens,scattered clouds,257-290,10/3/2023 6:00
W16,Queens,light snow,257-290,10/3/2023 7:00
W2,Queens,scattered clouds,257-290,10/3/2023 8:00
W2,Queens,scattered clouds,257-290,10/3/2023 9:00
W10,Queens,mist,257-290,10/3/2023 10:00
W10,Queens,mist,257-290,10/3/2023 11:00
W10,Queens,mist,257-290,10/3/2023 12:00
W10,Queens,mist,257-290,10/3/2023 13:00
W10,Queens,mist,257-290,10/3/2023 14:00
W11,Queens,light rain,257-290,10/3/2023 14:00
W6,Queens,haze,257-290,10/3/2023 15:00
W11,Queens,light rain,257-290,10/3/2023 15:00
W6,Queens,haze,257-290,10/3/2023 16:00
W12,Queens,moderate rain,257-290,10/3/2023 16:00
W12,Queens,moderate rain,257-290,10/3/2023 17:00
W11,Queens,light rain,257-290,10/3/2023 18:00
W11,Queens,light rain,257-290,10/3/2023 19:00
W3,Queens,broken clouds,257-290,10/3/2023 20:00
W3,Queens,broken clouds,257-290,10/3/2023 21:00
W3,Queens,broken clouds,257-290,10/3/2023 22:00
W3,Queens,broken clouds,257-290,10/3/2023 23:00
W3,Queens,broken clouds,257-290,11/3/2023 0:00
W3,Queens,broken clouds,257-290,11/3/2023 1:00
W3,Queens,broken clouds,257-290,11/3/2023 2:00
W3,Queens,broken clouds,257-290,11/3/2023 3:00
W3,Queens,broken clouds,257-290,11/3/2023 4:00
W3,Queens,broken clouds,257-290,11/3/2023 5:00
W1,Queens,few clouds,257-290,11/3/2023 6:00
W1,Queens,few clouds,257-290,11/3/2023 7:00
W2,Queens,scattered clouds,257-290,11/3/2023 8:00
W2,Queens,scattered clouds,257-290,11/3/2023 9:00
W2,Queens,scattered clouds,257-290,11/3/2023 10:00
W1,Queens,few clouds,257-290,11/3/2023 11:00
W1,Queens,few clouds,257-290,11/3/2023 12:00
W2,Queens,scattered clouds,257-290,11/3/2023 13:00
W2,Queens,scattered clouds,257-290,11/3/2023 14:00
W2,Queens,scattered clouds,257-290,11/3/2023 15:00
W7,Queens,scattered clouds,291-311,11/3/2023 16:00
W7,Queens,scattered clouds,291-311,11/3/2023 17:00
W7,Queens,scattered clouds,291-311,11/3/2023 18:00
W7,Queens,scattered clouds,291-311,11/3/2023 19:00
W7,Queens,scattered clouds,291-311,11/3/2023 20:00
W2,Queens,scattered clouds,257-290,11/3/2023 21:00
W2,Queens,scattered clouds,257-290,11/3/2023 22:00
W2,Queens,scattered clouds,257-290,11/3/2023 23:00
W2,Queens,scattered clouds,257-290,12/3/2023 0:00
W3,Queens,broken clouds,257-290,12/3/2023 1:00
W3,Queens,broken clouds,257-290,12/3/2023 2:00
W4,Queens,overcast clouds,257-290,12/3/2023 3:00
W4,Queens,overcast clouds,257-290,12/3/2023 4:00
W10,Queens,mist,257-290,12/3/2023 5:00
W4,Queens,overcast clouds,257-290,12/3/2023 6:00
W4,Queens,overcast clouds,257-290,12/3/2023 7:00
W4,Queens,overcast clouds,257-290,12/3/2023 8:00
W10,Queens,mist,257-290,12/3/2023 9:00
W11,Queens,light rain,257-290,12/3/2023 10:00
W11,Queens,light rain,257-290,12/3/2023 11:00
W10,Queens,mist,257-290,12/3/2023 11:00
W11,Queens,light rain,257-290,12/3/2023 12:00
W10,Queens,mist,257-290,12/3/2023 12:00
W11,Queens,light rain,257-290,12/3/2023 13:00
W14,Queens,fog,257-290,12/3/2023 13:00
W12,Queens,moderate rain,257-290,12/3/2023 14:00
W10,Queens,mist,257-290,12/3/2023 14:00
W10,Queens,mist,257-290,12/3/2023 15:00
W15,Queens,heavy intensity rain,257-290,12/3/2023 15:00
W38,Queens,light rain and snow,257-290,12/3/2023 16:00
W10,Queens,mist,257-290,12/3/2023 16:00
W12,Queens,moderate rain,257-290,12/3/2023 16:00
W10,Queens,mist,257-290,12/3/2023 17:00
W11,Queens,light rain,257-290,12/3/2023 17:00
W38,Queens,light rain and snow,257-290,12/3/2023 17:00
W16,Queens,light snow,257-290,12/3/2023 18:00
W11,Queens,light rain,257-290,12/3/2023 18:00
W16,Queens,light snow,257-290,12/3/2023 19:00
W10,Queens,mist,257-290,12/3/2023 19:00
W16,Queens,light snow,257-290,12/3/2023 20:00
W16,Queens,light snow,257-290,12/3/2023 21:00
W16,Queens,light snow,257-290,12/3/2023 22:00
W16,Queens,light snow,257-290,12/3/2023 23:00
W3,Queens,broken clouds,257-290,13-03-2023 00:00
W3,Queens,broken clouds,257-290,13-03-2023 01:00
W2,Queens,scattered clouds,257-290,13-03-2023 02:00
W16,Queens,light snow,257-290,13-03-2023 03:00
W3,Queens,broken clouds,257-290,13-03-2023 04:00
W16,Queens,light snow,257-290,13-03-2023 05:00
W16,Queens,light snow,257-290,13-03-2023 06:00
W5,Staten Island,sky is clear,257-290,1/3/2023 0:00
W5,Staten Island,sky is clear,257-290,1/3/2023 1:00
W5,Staten Island,sky is clear,257-290,1/3/2023 2:00
W5,Staten Island,sky is clear,257-290,1/3/2023 3:00
W5,Staten Island,sky is clear,257-290,1/3/2023 4:00
W5,Staten Island,sky is clear,257-290,1/3/2023 5:00
W5,Staten Island,sky is clear,257-290,1/3/2023 6:00
W3,Staten Island,broken clouds,257-290,1/3/2023 7:00
W5,Staten Island,sky is clear,257-290,1/3/2023 8:00
W5,Staten Island,sky is clear,257-290,1/3/2023 9:00
W5,Staten Island,sky is clear,257-290,1/3/2023 10:00
W3,Staten Island,broken clouds,257-290,1/3/2023 11:00
W4,Staten Island,overcast clouds,257-290,1/3/2023 12:00
W4,Staten Island,overcast clouds,257-290,1/3/2023 13:00
W4,Staten Island,overcast clouds,257-290,1/3/2023 14:00
W4,Staten Island,overcast clouds,257-290,1/3/2023 15:00
W4,Staten Island,overcast clouds,257-290,1/3/2023 16:00
W4,Staten Island,overcast clouds,257-290,1/3/2023 17:00
W4,Staten Island,overcast clouds,257-290,1/3/2023 18:00
W4,Staten Island,overcast clouds,257-290,1/3/2023 19:00
W4,Staten Island,overcast clouds,257-290,1/3/2023 20:00
W4,Staten Island,overcast clouds,257-290,1/3/2023 21:00
W2,Staten Island,scattered clouds,257-290,1/3/2023 22:00
W4,Staten Island,overcast clouds,257-290,1/3/2023 23:00
W4,Staten Island,overcast clouds,257-290,2/3/2023 0:00
W5,Staten Island,sky is clear,257-290,2/3/2023 1:00
W3,Staten Island,broken clouds,257-290,2/3/2023 2:00
W4,Staten Island,overcast clouds,257-290,2/3/2023 3:00
W4,Staten Island,overcast clouds,257-290,2/3/2023 4:00
W4,Staten Island,overcast clouds,257-290,2/3/2023 5:00
W4,Staten Island,overcast clouds,257-290,2/3/2023 6:00
W4,Staten Island,overcast clouds,257-290,2/3/2023 7:00
W5,Staten Island,sky is clear,257-290,2/3/2023 8:00
W5,Staten Island,sky is clear,257-290,2/3/2023 9:00
W5,Staten Island,sky is clear,257-290,2/3/2023 10:00
W5,Staten Island,sky is clear,257-290,2/3/2023 11:00
W4,Staten Island,overcast clouds,257-290,2/3/2023 12:00
W2,Staten Island,scattered clouds,257-290,2/3/2023 13:00
W2,Staten Island,scattered clouds,257-290,2/3/2023 14:00
W5,Staten Island,sky is clear,257-290,2/3/2023 15:00
W5,Staten Island,sky is clear,257-290,2/3/2023 16:00
W5,Staten Island,sky is clear,257-290,2/3/2023 17:00
W26,Staten Island,sky is clear,291-311,2/3/2023 18:00
W26,Staten Island,sky is clear,291-311,2/3/2023 19:00
W26,Staten Island,sky is clear,291-311,2/3/2023 20:00
W26,Staten Island,sky is clear,291-311,2/3/2023 21:00
W26,Staten Island,sky is clear,291-311,2/3/2023 22:00
W26,Staten Island,sky is clear,291-311,2/3/2023 23:00
W5,Staten Island,sky is clear,257-290,3/3/2023 0:00
W3,Staten Island,broken clouds,257-290,3/3/2023 1:00
W2,Staten Island,scattered clouds,257-290,3/3/2023 2:00
W3,Staten Island,broken clouds,257-290,3/3/2023 3:00
W5,Staten Island,sky is clear,257-290,3/3/2023 4:00
W3,Staten Island,broken clouds,257-290,3/3/2023 5:00
W4,Staten Island,overcast clouds,257-290,3/3/2023 6:00
W4,Staten Island,overcast clouds,257-290,3/3/2023 7:00
W11,Staten Island,light rain,257-290,3/3/2023 8:00
W12,Staten Island,moderate rain,257-290,3/3/2023 9:00
W11,Staten Island,light rain,257-290,3/3/2023 10:00
W11,Staten Island,light rain,257-290,3/3/2023 11:00
W11,Staten Island,light rain,257-290,3/3/2023 12:00
W5,Staten Island,sky is clear,257-290,3/3/2023 13:00
W5,Staten Island,sky is clear,257-290,3/3/2023 14:00
W5,Staten Island,sky is clear,257-290,3/3/2023 15:00
W5,Staten Island,sky is clear,257-290,3/3/2023 16:00
W5,Staten Island,sky is clear,257-290,3/3/2023 17:00
W5,Staten Island,sky is clear,257-290,3/3/2023 18:00
W5,Staten Island,sky is clear,257-290,3/3/2023 19:00
W5,Staten Island,sky is clear,257-290,3/3/2023 20:00
W5,Staten Island,sky is clear,257-290,3/3/2023 21:00
W5,Staten Island,sky is clear,257-290,3/3/2023 22:00
W5,Staten Island,sky is clear,257-290,3/3/2023 23:00
W5,Staten Island,sky is clear,257-290,4/3/2023 0:00
W5,Staten Island,sky is clear,257-290,4/3/2023 1:00
W5,Staten Island,sky is clear,257-290,4/3/2023 2:00
W5,Staten Island,sky is clear,257-290,4/3/2023 3:00
W5,Staten Island,sky is clear,257-290,4/3/2023 4:00
W5,Staten Island,sky is clear,257-290,4/3/2023 5:00
W5,Staten Island,sky is clear,257-290,4/3/2023 6:00
W5,Staten Island,sky is clear,257-290,4/3/2023 7:00
W5,Staten Island,sky is clear,257-290,4/3/2023 8:00
W5,Staten Island,sky is clear,257-290,4/3/2023 9:00
W5,Staten Island,sky is clear,257-290,4/3/2023 10:00
W5,Staten Island,sky is clear,257-290,4/3/2023 11:00
W5,Staten Island,sky is clear,257-290,4/3/2023 12:00
W5,Staten Island,sky is clear,257-290,4/3/2023 13:00
W5,Staten Island,sky is clear,257-290,4/3/2023 14:00
W5,Staten Island,sky is clear,257-290,4/3/2023 15:00
W5,Staten Island,sky is clear,257-290,4/3/2023 16:00
W5,Staten Island,sky is clear,257-290,4/3/2023 17:00
W5,Staten Island,sky is clear,257-290,4/3/2023 18:00
W5,Staten Island,sky is clear,257-290,4/3/2023 19:00
W5,Staten Island,sky is clear,257-290,4/3/2023 20:00
W5,Staten Island,sky is clear,257-290,4/3/2023 21:00
W5,Staten Island,sky is clear,257-290,4/3/2023 22:00
W5,Staten Island,sky is clear,257-290,4/3/2023 23:00
W5,Staten Island,sky is clear,257-290,5/3/2023 0:00
W5,Staten Island,sky is clear,257-290,5/3/2023 1:00
W5,Staten Island,sky is clear,257-290,5/3/2023 2:00
W5,Staten Island,sky is clear,257-290,5/3/2023 3:00
W5,Staten Island,sky is clear,257-290,5/3/2023 4:00
W5,Staten Island,sky is clear,257-290,5/3/2023 5:00
W5,Staten Island,sky is clear,257-290,5/3/2023 6:00
W5,Staten Island,sky is clear,257-290,5/3/2023 7:00
W5,Staten Island,sky is clear,257-290,5/3/2023 8:00
W5,Staten Island,sky is clear,257-290,5/3/2023 9:00
W5,Staten Island,sky is clear,257-290,5/3/2023 10:00
W5,Staten Island,sky is clear,257-290,5/3/2023 11:00
W5,Staten Island,sky is clear,257-290,5/3/2023 12:00
W5,Staten Island,sky is clear,257-290,5/3/2023 13:00
W5,Staten Island,sky is clear,257-290,5/3/2023 14:00
W5,Staten Island,sky is clear,257-290,5/3/2023 15:00
W5,Staten Island,sky is clear,257-290,5/3/2023 16:00
W5,Staten Island,sky is clear,257-290,5/3/2023 17:00
W5,Staten Island,sky is clear,257-290,5/3/2023 18:00
W5,Staten Island,sky is clear,257-290,5/3/2023 19:00
W3,Staten Island,broken clouds,257-290,5/3/2023 20:00
W2,Staten Island,scattered clouds,257-290,5/3/2023 21:00
W5,Staten Island,sky is clear,257-290,5/3/2023 22:00
W5,Staten Island,sky is clear,257-290,5/3/2023 23:00
W5,Staten Island,sky is clear,257-290,6/3/2023 0:00
W5,Staten Island,sky is clear,257-290,6/3/2023 1:00
W4,Staten Island,overcast clouds,257-290,6/3/2023 2:00
W4,Staten Island,overcast clouds,257-290,6/3/2023 3:00
W4,Staten Island,overcast clouds,257-290,6/3/2023 4:00
W4,Staten Island,overcast clouds,257-290,6/3/2023 5:00
W4,Staten Island,overcast clouds,257-290,6/3/2023 6:00
W4,Staten Island,overcast clouds,257-290,6/3/2023 7:00
W4,Staten Island,overcast clouds,257-290,6/3/2023 8:00
W4,Staten Island,overcast clouds,257-290,6/3/2023 9:00
W4,Staten Island,overcast clouds,257-290,6/3/2023 10:00
W4,Staten Island,overcast clouds,257-290,6/3/2023 11:00
W4,Staten Island,overcast clouds,257-290,6/3/2023 12:00
W4,Staten Island,overcast clouds,257-290,6/3/2023 13:00
W4,Staten Island,overcast clouds,257-290,6/3/2023 14:00
W20,Staten Island,light rain,291-311,6/3/2023 15:00
W20,Staten Island,light rain,291-311,6/3/2023 16:00
W20,Staten Island,light rain,291-311,6/3/2023 17:00
W20,Staten Island,light rain,291-311,6/3/2023 18:00
W7,Staten Island,scattered clouds,291-311,6/3/2023 19:00
W7,Staten Island,scattered clouds,291-311,6/3/2023 20:00
W7,Staten Island,scattered clouds,291-311,6/3/2023 21:00
W26,Staten Island,sky is clear,291-311,6/3/2023 22:00
W26,Staten Island,sky is clear,291-311,6/3/2023 23:00
W8,Staten Island,broken clouds,291-311,7/3/2023 0:00
W26,Staten Island,sky is clear,291-311,7/3/2023 1:00
W19,Staten Island,overcast clouds,291-311,7/3/2023 2:00
W19,Staten Island,overcast clouds,291-311,7/3/2023 3:00
W26,Staten Island,sky is clear,291-311,7/3/2023 4:00
W26,Staten Island,sky is clear,291-311,7/3/2023 5:00
W26,Staten Island,sky is clear,291-311,7/3/2023 6:00
W26,Staten Island,sky is clear,291-311,7/3/2023 7:00
W26,Staten Island,sky is clear,291-311,7/3/2023 8:00
W26,Staten Island,sky is clear,291-311,7/3/2023 9:00
W26,Staten Island,sky is clear,291-311,7/3/2023 10:00
W26,Staten Island,sky is clear,291-311,7/3/2023 11:00
W8,Staten Island,broken clouds,291-311,7/3/2023 12:00
W8,Staten Island,broken clouds,291-311,7/3/2023 13:00
W26,Staten Island,sky is clear,291-311,7/3/2023 14:00
W26,Staten Island,sky is clear,291-311,7/3/2023 15:00
W26,Staten Island,sky is clear,291-311,7/3/2023 16:00
W26,Staten Island,sky is clear,291-311,7/3/2023 17:00
W19,Staten Island,overcast clouds,291-311,7/3/2023 18:00
W8,Staten Island,broken clouds,291-311,7/3/2023 19:00
W8,Staten Island,broken clouds,291-311,7/3/2023 20:00
W19,Staten Island,overcast clouds,291-311,7/3/2023 21:00
W20,Staten Island,light rain,291-311,7/3/2023 22:00
W20,Staten Island,light rain,291-311,7/3/2023 23:00
W20,Staten Island,light rain,291-311,8/3/2023 0:00
W20,Staten Island,light rain,291-311,8/3/2023 1:00
W22,Staten Island,moderate rain,291-311,8/3/2023 2:00
W22,Staten Island,moderate rain,291-311,8/3/2023 3:00
W8,Staten Island,broken clouds,291-311,8/3/2023 4:00
W8,Staten Island,broken clouds,291-311,8/3/2023 5:00
W5,Staten Island,sky is clear,257-290,8/3/2023 6:00
W2,Staten Island,scattered clouds,257-290,8/3/2023 7:00
W2,Staten Island,scattered clouds,257-290,8/3/2023 8:00
W4,Staten Island,overcast clouds,257-290,8/3/2023 9:00
W3,Staten Island,broken clouds,257-290,8/3/2023 10:00
W4,Staten Island,overcast clouds,257-290,8/3/2023 11:00
W4,Staten Island,overcast clouds,257-290,8/3/2023 12:00
W3,Staten Island,broken clouds,257-290,8/3/2023 13:00
W4,Staten Island,overcast clouds,257-290,8/3/2023 14:00
W5,Staten Island,sky is clear,257-290,8/3/2023 15:00
W5,Staten Island,sky is clear,257-290,8/3/2023 16:00
W5,Staten Island,sky is clear,257-290,8/3/2023 17:00
W5,Staten Island,sky is clear,257-290,8/3/2023 18:00
W5,Staten Island,sky is clear,257-290,8/3/2023 19:00
W5,Staten Island,sky is clear,257-290,8/3/2023 20:00
W5,Staten Island,sky is clear,257-290,8/3/2023 21:00
W5,Staten Island,sky is clear,257-290,8/3/2023 22:00
W5,Staten Island,sky is clear,257-290,8/3/2023 23:00
W5,Staten Island,sky is clear,257-290,9/3/2023 0:00
W5,Staten Island,sky is clear,257-290,9/3/2023 1:00
W5,Staten Island,sky is clear,257-290,9/3/2023 2:00
W5,Staten Island,sky is clear,257-290,9/3/2023 3:00
W5,Staten Island,sky is clear,257-290,9/3/2023 4:00
W5,Staten Island,sky is clear,257-290,9/3/2023 5:00
W5,Staten Island,sky is clear,257-290,9/3/2023 6:00
W5,Staten Island,sky is clear,257-290,9/3/2023 7:00
W5,Staten Island,sky is clear,257-290,9/3/2023 8:00
W4,Staten Island,overcast clouds,257-290,9/3/2023 9:00
W4,Staten Island,overcast clouds,257-290,9/3/2023 10:00
W11,Staten Island,light rain,257-290,9/3/2023 11:00
W11,Staten Island,light rain,257-290,9/3/2023 12:00
W11,Staten Island,light rain,257-290,9/3/2023 13:00
W11,Staten Island,light rain,257-290,9/3/2023 14:00
W12,Staten Island,moderate rain,257-290,9/3/2023 15:00
W15,Staten Island,heavy intensity rain,257-290,9/3/2023 16:00
W12,Staten Island,moderate rain,257-290,9/3/2023 17:00
W10,Staten Island,mist,257-290,9/3/2023 18:00
W12,Staten Island,moderate rain,257-290,9/3/2023 18:00
W10,Staten Island,mist,257-290,9/3/2023 19:00
W12,Staten Island,moderate rain,257-290,9/3/2023 19:00
W12,Staten Island,moderate rain,257-290,9/3/2023 20:00
W10,Staten Island,mist,257-290,9/3/2023 21:00
W12,Staten Island,moderate rain,257-290,9/3/2023 21:00
W10,Staten Island,mist,257-290,9/3/2023 22:00
W11,Staten Island,light rain,257-290,9/3/2023 22:00
W10,Staten Island,mist,257-290,9/3/2023 23:00
W11,Staten Island,light rain,257-290,9/3/2023 23:00
W11,Staten Island,light rain,257-290,10/3/2023 0:00
W11,Staten Island,light rain,257-290,10/3/2023 1:00
W4,Staten Island,overcast clouds,257-290,10/3/2023 2:00
W11,Staten Island,light rain,257-290,10/3/2023 3:00
W4,Staten Island,overcast clouds,257-290,10/3/2023 4:00
W3,Staten Island,broken clouds,257-290,10/3/2023 5:00
W2,Staten Island,scattered clouds,257-290,10/3/2023 6:00
W2,Staten Island,scattered clouds,257-290,10/3/2023 7:00
W3,Staten Island,broken clouds,257-290,10/3/2023 8:00
W2,Staten Island,scattered clouds,257-290,10/3/2023 9:00
W2,Staten Island,scattered clouds,257-290,10/3/2023 10:00
W3,Staten Island,broken clouds,257-290,10/3/2023 11:00
W3,Staten Island,broken clouds,257-290,10/3/2023 12:00
W14,Staten Island,fog,257-290,10/3/2023 13:00
W14,Staten Island,fog,257-290,10/3/2023 14:00
W11,Staten Island,light rain,257-290,10/3/2023 14:00
W5,Staten Island,sky is clear,257-290,10/3/2023 15:00
W5,Staten Island,sky is clear,257-290,10/3/2023 16:00
W5,Staten Island,sky is clear,257-290,10/3/2023 17:00
W5,Staten Island,sky is clear,257-290,10/3/2023 18:00
W5,Staten Island,sky is clear,257-290,10/3/2023 19:00
W5,Staten Island,sky is clear,257-290,10/3/2023 20:00
W5,Staten Island,sky is clear,257-290,10/3/2023 21:00
W5,Staten Island,sky is clear,257-290,10/3/2023 22:00
W5,Staten Island,sky is clear,257-290,10/3/2023 23:00
W5,Staten Island,sky is clear,257-290,11/3/2023 0:00
W3,Staten Island,broken clouds,257-290,11/3/2023 1:00
W5,Staten Island,sky is clear,257-290,11/3/2023 2:00
W3,Staten Island,broken clouds,257-290,11/3/2023 3:00
W4,Staten Island,overcast clouds,257-290,11/3/2023 4:00
W2,Staten Island,scattered clouds,257-290,11/3/2023 5:00
W5,Staten Island,sky is clear,257-290,11/3/2023 6:00
W5,Staten Island,sky is clear,257-290,11/3/2023 7:00
W5,Staten Island,sky is clear,257-290,11/3/2023 8:00
W5,Staten Island,sky is clear,257-290,11/3/2023 9:00
W5,Staten Island,sky is clear,257-290,11/3/2023 10:00
W5,Staten Island,sky is clear,257-290,11/3/2023 11:00
W5,Staten Island,sky is clear,257-290,11/3/2023 12:00
W5,Staten Island,sky is clear,257-290,11/3/2023 13:00
W5,Staten Island,sky is clear,257-290,11/3/2023 14:00
W5,Staten Island,sky is clear,257-290,11/3/2023 15:00
W26,Staten Island,sky is clear,291-311,11/3/2023 16:00
W26,Staten Island,sky is clear,291-311,11/3/2023 17:00
W26,Staten Island,sky is clear,291-311,11/3/2023 18:00
W5,Staten Island,sky is clear,257-290,11/3/2023 19:00
W5,Staten Island,sky is clear,257-290,11/3/2023 20:00
W5,Staten Island,sky is clear,257-290,11/3/2023 21:00
W5,Staten Island,sky is clear,257-290,11/3/2023 22:00
W5,Staten Island,sky is clear,257-290,11/3/2023 23:00
W5,Staten Island,sky is clear,257-290,12/3/2023 0:00
W5,Staten Island,sky is clear,257-290,12/3/2023 1:00
W5,Staten Island,sky is clear,257-290,12/3/2023 2:00
W4,Staten Island,overcast clouds,257-290,12/3/2023 3:00
W3,Staten Island,broken clouds,257-290,12/3/2023 4:00
W3,Staten Island,broken clouds,257-290,12/3/2023 5:00
W4,Staten Island,overcast clouds,257-290,12/3/2023 6:00
W13,Staten Island,light intensity drizzle,257-290,12/3/2023 7:00
W10,Staten Island,mist,257-290,12/3/2023 7:00
W10,Staten Island,mist,257-290,12/3/2023 8:00
W13,Staten Island,light intensity drizzle,257-290,12/3/2023 9:00
W10,Staten Island,mist,257-290,12/3/2023 9:00
W11,Staten Island,light rain,257-290,12/3/2023 10:00
W10,Staten Island,mist,257-290,12/3/2023 10:00
W11,Staten Island,light rain,257-290,12/3/2023 11:00
W10,Staten Island,mist,257-290,12/3/2023 11:00
W11,Staten Island,light rain,257-290,12/3/2023 12:00
W10,Staten Island,mist,257-290,12/3/2023 12:00
W10,Staten Island,mist,257-290,12/3/2023 13:00
W12,Staten Island,moderate rain,257-290,12/3/2023 13:00
W12,Staten Island,moderate rain,257-290,12/3/2023 14:00
W10,Staten Island,mist,257-290,12/3/2023 15:00
W12,Staten Island,moderate rain,257-290,12/3/2023 15:00
W10,Staten Island,mist,257-290,12/3/2023 16:00
W12,Staten Island,moderate rain,257-290,12/3/2023 16:00
W10,Staten Island,mist,257-290,12/3/2023 17:00
W17,Staten Island,snow,257-290,12/3/2023 17:00
W16,Staten Island,light snow,257-290,12/3/2023 18:00
W16,Staten Island,light snow,257-290,12/3/2023 19:00
W16,Staten Island,light snow,257-290,12/3/2023 20:00
W16,Staten Island,light snow,257-290,12/3/2023 21:00
W16,Staten Island,light snow,257-290,12/3/2023 22:00
W16,Staten Island,light snow,257-290,12/3/2023 23:00
W2,Staten Island,scattered clouds,257-290,13-03-2023 00:00
W2,Staten Island,scattered clouds,257-290,13-03-2023 01:00
W3,Staten Island,broken clouds,257-290,13-03-2023 02:00
W3,Staten Island,broken clouds,257-290,13-03-2023 03:00
W3,Staten Island,broken clouds,257-290,13-03-2023 04:00
W16,Staten Island,light snow,257-290,13-03-2023 05:00
W16,Staten Island,light snow,257-290,13-03-2023 06:00
